Date,Price,Open,High,Low,Vol.,Change %
"Aug 02, 2020","11,105.80","11,802.60","12,061.10","10,730.70",698.62K,-5.91%
"Aug 01, 2020","11,803.10","11,333.20","11,847.70","11,226.10",611.47K,4.14%
"Jul 31, 2020","11,333.40","11,096.50","11,434.80","10,964.60",530.95K,2.14%
"Jul 30, 2020","11,096.20","11,105.80","11,164.40","10,861.60",501.14K,-0.09%
"Jul 29, 2020","11,105.90","10,908.40","11,336.50","10,771.80",576.83K,1.81%
"Jul 28, 2020","10,908.50","10,961.10","11,046.10","10,873.60",658.37K,-1.04%
"Jul 27, 2020","11,022.80","9,932.70","11,367.00","9,894.60",908.99K,10.98%
"Jul 26, 2020","9,932.50","9,690.00","10,086.60","9,645.90",415.07K,2.35%
"Jul 25, 2020","9,704.10","9,546.70","9,729.30","9,536.20",306.29K,1.65%
"Jul 24, 2020","9,546.40","9,599.20","9,626.20","9,480.50",359.16K,-0.55%
"Jul 23, 2020","9,599.60","9,513.60","9,646.50","9,451.10",425.66K,0.90%
"Jul 22, 2020","9,513.70","9,387.40","9,523.10","9,296.00",386.00K,1.35%
"Jul 21, 2020","9,387.30","9,162.30","9,426.90","9,155.10",458.99K,2.46%
"Jul 20, 2020","9,162.40","9,208.10","9,218.40","9,139.90",312.98K,-0.50%
"Jul 19, 2020","9,208.00","9,170.10","9,224.80","9,106.40",265.25K,0.41%
"Jul 18, 2020","9,170.20","9,155.80","9,198.80","9,126.70",276.40K,0.16%
"Jul 17, 2020","9,155.80","9,135.40","9,181.90","9,091.50",310.92K,0.22%
"Jul 16, 2020","9,135.30","9,198.70","9,224.20","9,052.00",429.04K,-0.69%
"Jul 15, 2020","9,198.70","9,253.60","9,270.20","9,168.70",429.84K,-0.59%
"Jul 14, 2020","9,253.40","9,243.10","9,274.80","9,135.70",453.83K,0.11%
"Jul 13, 2020","9,243.60","9,300.50","9,329.60","9,207.60",456.87K,-0.62%
"Jul 12, 2020","9,300.80","9,234.20","9,337.80","9,170.40",366.88K,0.73%
"Jul 11, 2020","9,233.30","9,285.80","9,295.50","9,184.20",353.92K,-0.56%
"Jul 10, 2020","9,285.10","9,239.00","9,309.80","9,131.90",418.47K,0.53%
"Jul 09, 2020","9,235.70","9,430.10","9,434.50","9,176.00",444.27K,-2.06%
"Jul 08, 2020","9,429.90","9,256.30","9,458.30","9,233.10",509.94K,1.88%
"Jul 07, 2020","9,256.00","9,338.80","9,371.20","9,209.30",420.55K,-0.89%
"Jul 06, 2020","9,339.00","9,080.40","9,363.00","9,063.20",510.27K,2.84%
"Jul 05, 2020","9,081.00","9,134.30","9,149.60","8,932.10",314.10K,-0.58%
"Jul 04, 2020","9,134.40","9,067.10","9,182.30","9,049.60",261.25K,0.74%
"Jul 03, 2020","9,067.10","9,085.00","9,120.40","9,050.90",333.88K,-0.20%
"Jul 02, 2020","9,085.10","9,229.90","9,259.70","8,962.10",483.10K,-1.57%
"Jul 01, 2020","9,229.90","9,135.90","9,289.00","9,101.10",366.78K,1.03%
"Jun 30, 2020","9,135.40","9,186.00","9,199.80","9,075.30",381.73K,-0.54%
"Jun 29, 2020","9,185.40","9,122.80","9,229.10","9,033.60",401.12K,0.67%
"Jun 28, 2020","9,124.00","9,008.40","9,185.50","8,950.20",329.01K,1.28%
"Jun 27, 2020","9,008.30","9,160.50","9,190.50","8,865.30",441.93K,-1.66%
"Jun 26, 2020","9,160.00","9,247.50","9,296.50","9,060.10",489.84K,-0.95%
"Jun 25, 2020","9,247.50","9,300.80","9,327.30","9,022.60",524.45K,-0.59%
"Jun 24, 2020","9,302.00","9,624.60","9,667.40","9,223.00",515.78K,-3.35%
"Jun 23, 2020","9,624.60","9,683.90","9,715.60","9,581.80",375.49K,-0.61%
"Jun 22, 2020","9,683.70","9,296.50","9,751.90","9,285.80",523.32K,4.17%
"Jun 21, 2020","9,296.40","9,358.80","9,411.20","9,288.50",335.99K,-0.67%
"Jun 20, 2020","9,358.80","9,314.00","9,394.50","9,199.80",383.44K,0.48%
"Jun 19, 2020","9,314.00","9,390.30","9,424.00","9,249.60",478.49K,-0.79%
"Jun 18, 2020","9,388.10","9,464.60","9,480.40","9,289.30",391.67K,-0.81%
"Jun 17, 2020","9,464.60","9,523.60","9,543.60","9,258.20",446.45K,-0.62%
"Jun 16, 2020","9,523.50","9,425.60","9,577.10","9,379.30",545.47K,1.04%
"Jun 15, 2020","9,425.40","9,345.50","9,489.70","8,925.60",750.90K,0.86%
"Jun 14, 2020","9,345.30","9,470.70","9,474.70","9,264.40",311.27K,-1.33%
"Jun 13, 2020","9,471.30","9,466.50","9,484.90","9,369.90",364.97K,0.05%
"Jun 12, 2020","9,466.60","9,283.70","9,547.50","9,249.40",529.28K,1.97%
"Jun 11, 2020","9,283.20","9,878.90","9,945.20","9,139.10",919.30K,-6.03%
"Jun 10, 2020","9,878.80","9,768.80","9,970.90","9,710.70",533.55K,1.13%
"Jun 09, 2020","9,768.80","9,777.70","9,857.20","9,616.60",479.55K,-0.09%
"Jun 08, 2020","9,777.90","9,743.40","9,788.20","9,662.30",431.04K,0.36%
"Jun 07, 2020","9,742.60","9,669.60","9,791.80","9,417.40",549.20K,0.76%
"Jun 06, 2020","9,669.60","9,630.80","9,733.10","9,549.50",370.85K,0.40%
"Jun 05, 2020","9,631.20","9,794.00","9,846.10","9,628.70",527.05K,-1.67%
"Jun 04, 2020","9,794.40","9,667.20","9,864.40","9,490.90",593.66K,1.32%
"Jun 03, 2020","9,667.20","9,527.00","9,667.20","9,421.70",558.12K,1.47%
"Jun 02, 2020","9,527.60","10,190.70","10,207.30","9,347.30",1.06M,-6.49%
"Jun 01, 2020","10,189.30","9,454.50","10,301.80","9,429.70",796.68K,7.77%
"May 31, 2020","9,454.80","9,692.90","9,695.60","9,406.20",645.27K,-2.45%
"May 30, 2020","9,692.50","9,424.80","9,729.90","9,352.70",720.62K,2.84%
"May 29, 2020","9,424.80","9,573.40","9,596.50","9,358.10",814.33K,-1.54%
"May 28, 2020","9,572.20","9,199.80","9,610.80","9,119.20",948.86K,4.06%
"May 27, 2020","9,199.10","8,842.30","9,210.90","8,818.60",810.89K,4.03%
"May 26, 2020","8,842.50","8,897.70","8,994.60","8,713.90",784.92K,-0.63%
"May 25, 2020","8,898.20","8,728.00","8,959.50","8,666.10",941.89K,1.95%
"May 24, 2020","8,728.20","9,177.90","9,292.00","8,724.10",1.11M,-4.89%
"May 23, 2020","9,177.00","9,169.80","9,303.20","9,098.90",812.56K,0.08%
"May 22, 2020","9,169.70","9,058.20","9,253.50","8,952.10",914.59K,1.22%
"May 21, 2020","9,059.00","9,511.60","9,567.10","8,833.60",1.41M,-4.76%
"May 20, 2020","9,512.30","9,773.00","9,829.30","9,368.40",1.15M,-2.67%
"May 19, 2020","9,773.30","9,730.80","9,883.90","9,498.70",1.16M,0.44%
"May 18, 2020","9,730.70","9,678.40","9,930.20","9,524.40",1.18M,0.55%
"May 17, 2020","9,677.70","9,376.60","9,866.00","9,327.80",1.18M,3.18%
"May 16, 2020","9,379.50","9,318.10","9,579.00","9,233.00",1.10M,0.66%
"May 15, 2020","9,318.00","9,778.60","9,819.60","9,223.20",1.56M,-4.71%
"May 14, 2020","9,778.40","9,298.70","9,887.50","9,265.80",1.77M,5.16%
"May 13, 2020","9,298.70","8,813.90","9,384.60","8,799.10",1.50M,5.50%
"May 12, 2020","8,813.80","8,569.80","8,964.50","8,542.80",1.35M,2.73%
"May 11, 2020","8,579.80","8,737.60","9,129.60","8,235.60",2.29M,-1.82%
"May 10, 2020","8,738.80","9,553.90","9,569.40","8,259.30",2.47M,-8.54%
"May 09, 2020","9,554.60","9,806.00","9,910.50","9,533.60",1.49M,-2.57%
"May 08, 2020","9,806.20","9,980.10","10,018.20","9,731.40",1.42M,-1.74%
"May 07, 2020","9,979.80","9,152.70","10,033.00","9,064.80",1.91M,9.05%
"May 06, 2020","9,151.40","9,000.60","9,373.70","8,923.60",1.62M,1.67%
"May 05, 2020","9,001.00","8,874.20","9,078.70","8,800.40",1.05M,1.42%
"May 04, 2020","8,874.70","8,885.50","8,945.50","8,553.20",1.12M,-0.12%
"May 03, 2020","8,885.50","8,966.20","9,169.90","8,742.20",1.15M,-0.90%
"May 02, 2020","8,966.30","8,821.60","8,986.20","8,771.30",890.34K,1.64%
"May 01, 2020","8,821.60","8,628.60","9,040.30","8,621.00",1.11M,2.23%
"Apr 30, 2020","8,629.00","8,770.60","9,437.50","8,425.50",2.04M,-1.62%
"Apr 29, 2020","8,770.90","7,746.70","8,918.50","7,729.70",1.83M,13.22%
"Apr 28, 2020","7,746.90","7,766.00","7,770.10","7,655.30",808.09K,-0.25%
"Apr 27, 2020","7,766.00","7,679.40","7,768.50","7,637.70",980.50K,1.13%
"Apr 26, 2020","7,678.90","7,540.40","7,679.40","7,520.50",921.59K,1.84%
"Apr 25, 2020","7,540.40","7,503.90","7,684.60","7,451.00",861.93K,0.49%
"Apr 24, 2020","7,503.80","7,491.30","7,583.50","7,423.50",951.95K,0.20%
"Apr 23, 2020","7,488.50","7,112.80","7,655.40","7,036.50",1.34M,5.28%
"Apr 22, 2020","7,112.90","6,842.50","7,137.40","6,821.80",914.18K,3.95%
"Apr 21, 2020","6,842.50","6,833.40","6,919.30","6,774.30",892.57K,0.13%
"Apr 20, 2020","6,833.50","7,122.90","7,207.50","6,771.20",1.26M,-4.06%
"Apr 19, 2020","7,122.90","7,230.90","7,238.00","7,079.10",5.93M,-1.49%
"Apr 18, 2020","7,230.80","7,035.90","7,259.40","7,031.50",796.45K,2.77%
"Apr 17, 2020","7,035.80","7,085.50","7,142.80","7,005.80",810.10K,-0.70%
"Apr 16, 2020","7,085.60","6,629.10","7,159.70","6,520.50",1.54M,6.89%
"Apr 15, 2020","6,629.10","6,851.30","6,929.50","6,615.90",1.00M,-3.24%
"Apr 14, 2020","6,850.90","6,841.80","6,970.80","6,768.60",999.53K,0.14%
"Apr 13, 2020","6,841.30","6,918.10","6,920.30","6,618.50",1.25M,-1.10%
"Apr 12, 2020","6,917.60","6,867.90","7,158.80","6,785.10",1.10M,0.73%
"Apr 11, 2020","6,867.80","6,862.70","6,931.40","6,765.10",845.58K,0.07%
"Apr 10, 2020","6,863.10","7,289.00","7,294.40","6,756.10",1.37M,-5.84%
"Apr 09, 2020","7,289.00","7,361.10","7,361.10","7,140.30",963.55K,-0.98%
"Apr 08, 2020","7,361.20","7,185.60","7,396.10","7,153.10",983.94K,2.45%
"Apr 07, 2020","7,185.20","7,332.30","7,440.30","7,101.70",1.32M,-2.01%
"Apr 06, 2020","7,332.30","6,772.80","7,335.00","6,770.10",1.53M,8.26%
"Apr 05, 2020","6,772.70","6,857.50","6,889.40","6,686.00",842.33K,-1.23%
"Apr 04, 2020","6,857.40","6,735.90","6,958.60","6,679.10",1.05M,1.80%
"Apr 03, 2020","6,735.90","6,799.90","7,026.30","6,623.60",1.35M,-0.95%
"Apr 02, 2020","6,800.50","6,638.80","7,182.70","6,567.90",1.74M,2.44%
"Apr 01, 2020","6,638.50","6,412.40","6,661.30","6,157.40",1.40M,3.52%
"Mar 31, 2020","6,412.50","6,391.10","6,513.10","6,346.30",1.05M,0.34%
"Mar 30, 2020","6,391.00","5,890.40","6,576.50","5,872.50",1.43M,8.50%
"Mar 29, 2020","5,890.40","6,233.20","6,258.80","5,889.30",916.17K,-5.51%
"Mar 28, 2020","6,233.70","6,373.40","6,374.30","6,046.50",1.26M,-2.19%
"Mar 27, 2020","6,373.40","6,725.50","6,813.70","6,322.30",1.16M,-5.23%
"Mar 26, 2020","6,725.10","6,677.90","6,772.90","6,541.70",1.18M,0.69%
"Mar 25, 2020","6,678.90","6,744.80","6,930.20","6,474.60",1.52M,-0.97%
"Mar 24, 2020","6,744.60","6,468.80","6,814.20","6,380.80",1.73M,4.26%
"Mar 23, 2020","6,468.90","5,822.00","6,564.70","5,710.80",1.88M,11.11%
"Mar 22, 2020","5,822.10","6,186.90","6,394.40","5,771.20",1.48M,-5.89%
"Mar 21, 2020","6,186.20","6,205.60","6,438.30","5,887.00",1.64M,-0.31%
"Mar 20, 2020","6,205.30","6,171.60","6,858.10","5,748.20",2.22M,0.54%
"Mar 19, 2020","6,172.00","5,359.20","6,379.50","5,256.00",2.18M,15.12%
"Mar 18, 2020","5,361.40","5,260.70","5,373.10","5,020.90",1.80M,1.91%
"Mar 17, 2020","5,261.10","5,030.20","5,432.80","4,946.50",1.89M,4.59%
"Mar 16, 2020","5,030.00","5,366.40","5,369.30","4,477.70",2.55M,-6.27%
"Mar 15, 2020","5,366.30","5,182.90","5,863.30","5,120.60",1.61M,3.54%
"Mar 14, 2020","5,182.70","5,589.40","5,634.90","5,072.20",1.69M,-7.19%
"Mar 13, 2020","5,584.30","4,815.20","5,934.30","3,869.50",4.17M,15.71%
"Mar 12, 2020","4,826.00","7,935.20","7,963.10","4,546.60",3.22M,-39.18%
"Mar 11, 2020","7,935.10","7,892.10","7,976.50","7,606.00",1.10M,0.56%
"Mar 10, 2020","7,891.20","7,933.00","8,145.50","7,740.20",1.20M,-0.53%
"Mar 09, 2020","7,933.00","8,035.80","8,158.80","7,648.70",1.54M,-1.26%
"Mar 08, 2020","8,034.10","8,887.80","8,888.00","8,015.30",1.11M,-9.61%
"Mar 07, 2020","8,887.80","9,134.20","9,180.80","8,848.70",750.65K,-2.70%
"Mar 06, 2020","9,134.80","9,060.60","9,165.20","9,004.90",1.04M,0.82%
"Mar 05, 2020","9,060.30","8,757.90","9,147.30","8,751.50",950.76K,3.45%
"Mar 04, 2020","8,757.90","8,761.30","8,840.30","8,679.70",759.69K,-0.04%
"Mar 03, 2020","8,761.40","8,906.10","8,911.70","8,669.30",1.01M,-1.61%
"Mar 02, 2020","8,904.80","8,537.50","8,961.80","8,503.10",1.02M,4.27%
"Mar 01, 2020","8,540.00","8,543.80","8,737.20","8,437.20",784.05K,-0.04%
"Feb 29, 2020","8,543.70","8,697.10","8,793.70","8,539.80",683.44K,-1.77%
"Feb 28, 2020","8,697.50","8,820.10","8,898.70","8,451.90",1.08M,-1.37%
"Feb 27, 2020","8,818.60","8,800.10","8,968.30","8,538.50",1.13M,0.21%
"Feb 26, 2020","8,800.30","9,317.10","9,368.10","8,672.00",1.32M,-5.55%
"Feb 25, 2020","9,317.20","9,662.60","9,672.30","9,269.80",937.97K,-3.57%
"Feb 24, 2020","9,662.70","9,943.20","9,981.00","9,507.00",980.00K,-2.82%
"Feb 23, 2020","9,942.70","9,655.60","9,965.60","9,653.40",775.88K,2.97%
"Feb 22, 2020","9,655.70","9,684.50","9,706.50","9,569.80",589.88K,-0.30%
"Feb 21, 2020","9,684.50","9,602.20","9,747.10","9,574.50",716.61K,0.85%
"Feb 20, 2020","9,602.40","9,611.90","9,681.40","9,448.90",870.80K,-0.07%
"Feb 19, 2020","9,609.40","10,158.60","10,230.90","9,424.30",905.95K,-5.40%
"Feb 18, 2020","10,158.40","9,701.50","10,230.10","9,601.60",945.91K,4.71%
"Feb 17, 2020","9,701.40","9,931.70","9,951.50","9,468.90",961.88K,-2.32%
"Feb 16, 2020","9,932.30","9,907.40","10,056.40","9,654.90",808.91K,0.25%
"Feb 15, 2020","9,907.70","10,336.00","10,369.80","9,831.70",808.81K,-4.12%
"Feb 14, 2020","10,333.00","10,235.50","10,372.40","10,125.20",732.51K,0.96%
"Feb 13, 2020","10,235.10","10,321.90","10,482.60","10,116.90",940.30K,-0.80%
"Feb 12, 2020","10,317.70","10,229.30","10,435.60","10,229.30",803.25K,0.86%
"Feb 11, 2020","10,229.50","9,854.00","10,314.10","9,725.10",791.28K,3.81%
"Feb 10, 2020","9,854.10","10,151.50","10,181.70","9,774.80",781.22K,-2.93%
"Feb 09, 2020","10,151.50","9,895.40","10,157.10","9,882.70",617.35K,2.59%
"Feb 08, 2020","9,895.50","9,817.30","9,931.20","9,673.20",551.31K,0.78%
"Feb 07, 2020","9,818.60","9,771.90","9,872.50","9,738.70",608.96K,0.48%
"Feb 06, 2020","9,772.00","9,611.80","9,854.90","9,536.10",778.67K,1.67%
"Feb 05, 2020","9,611.80","9,194.10","9,726.80","9,179.90",771.46K,4.54%
"Feb 04, 2020","9,193.90","9,296.50","9,347.50","9,193.90",651.68K,-1.10%
"Feb 03, 2020","9,296.60","9,334.60","9,582.80","9,243.10",701.39K,-0.41%
"Feb 02, 2020","9,334.90","9,381.50","9,465.40","9,183.10",683.37K,-0.50%
"Feb 01, 2020","9,381.60","9,349.30","9,458.80","9,301.50",458.42K,0.35%
"Jan 31, 2020","9,349.10","9,508.30","9,525.00","9,222.30",633.37K,-1.66%
"Jan 30, 2020","9,507.30","9,299.10","9,569.00","9,209.20",765.21K,2.24%
"Jan 29, 2020","9,298.90","9,377.30","9,428.70","9,250.90",749.88K,-0.84%
"Jan 28, 2020","9,377.30","8,866.60","9,389.50","8,866.60",954.20K,5.76%
"Jan 27, 2020","8,866.60","8,608.10","8,983.10","8,585.60",706.45K,3.01%
"Jan 26, 2020","8,607.80","8,341.60","8,607.80","8,304.90",468.34K,3.19%
"Jan 25, 2020","8,341.60","8,439.90","8,447.60","8,277.20",444.00K,-1.17%
"Jan 24, 2020","8,439.90","8,404.90","8,522.00","8,242.60",617.02K,0.41%
"Jan 23, 2020","8,405.10","8,678.50","8,687.30","8,309.60",722.67K,-3.15%
"Jan 22, 2020","8,678.50","8,733.00","8,805.40","8,610.80",509.06K,-0.62%
"Jan 21, 2020","8,732.60","8,642.00","8,770.30","8,524.00",540.20K,1.05%
"Jan 20, 2020","8,641.90","8,705.70","8,740.10","8,539.20",599.06K,-0.74%
"Jan 19, 2020","8,706.20","8,916.30","9,183.70","8,552.80",975.01K,-2.36%
"Jan 18, 2020","8,916.30","8,913.00","8,982.30","8,814.60",627.74K,0.04%
"Jan 17, 2020","8,913.10","8,726.70","9,005.10","8,675.90",794.11K,2.13%
"Jan 16, 2020","8,726.90","8,818.10","8,850.00","8,605.80",748.32K,-1.04%
"Jan 15, 2020","8,818.30","8,827.90","8,904.00","8,615.50",1.17M,-0.12%
"Jan 14, 2020","8,829.20","8,111.20","8,898.70","8,111.20",1.48M,8.85%
"Jan 13, 2020","8,111.40","8,188.30","8,196.70","8,068.40",610.66K,-0.93%
"Jan 12, 2020","8,187.60","8,023.30","8,189.90","7,973.10",595.22K,2.04%
"Jan 11, 2020","8,024.10","8,187.80","8,262.90","8,008.40",776.75K,-1.99%
"Jan 10, 2020","8,187.10","7,842.50","8,187.40","7,697.70",1.05M,4.40%
"Jan 09, 2020","7,842.40","8,060.00","8,065.90","7,779.20",786.50K,-2.70%
"Jan 08, 2020","8,059.60","8,154.20","8,436.40","7,900.80",1.19M,-1.18%
"Jan 07, 2020","8,155.70","7,759.10","8,182.00","7,754.10",1.01M,5.11%
"Jan 06, 2020","7,759.10","7,372.60","7,783.10","7,366.70",786.75K,5.24%
"Jan 05, 2020","7,372.50","7,376.80","7,501.00","7,345.60",628.14K,-0.06%
"Jan 04, 2020","7,376.80","7,345.10","7,433.10","7,291.40",523.91K,0.46%
"Jan 03, 2020","7,343.10","6,967.10","7,402.90","6,884.10",936.29K,5.40%
"Jan 02, 2020","6,967.00","7,199.70","7,209.60","6,901.40",632.78K,-3.23%
"Jan 01, 2020","7,199.80","7,196.40","7,259.40","7,180.00",420.28K,0.05%
"Dec 31, 2019","7,196.40","7,261.50","7,331.00","7,167.40",586.60K,-0.90%
"Dec 30, 2019","7,261.80","7,397.50","7,420.90","7,244.10",606.11K,-1.84%
"Dec 29, 2019","7,397.50","7,321.60","7,518.90","7,303.00",611.69K,1.04%
"Dec 28, 2019","7,321.50","7,261.90","7,375.90","7,256.50",610.96K,0.82%
"Dec 27, 2019","7,261.70","7,210.80","7,293.80","7,128.50",718.07K,0.70%
"Dec 26, 2019","7,210.90","7,225.00","7,414.30","7,177.30",795.09K,-0.19%
"Dec 25, 2019","7,224.80","7,268.30","7,542.40","7,150.90",625.41K,-0.60%
"Dec 24, 2019","7,268.30","7,322.40","7,433.20","7,185.70",785.54K,-0.74%
"Dec 23, 2019","7,322.80","7,496.20","7,684.00","7,276.20",952.16K,-2.31%
"Dec 22, 2019","7,495.80","7,156.30","7,501.10","7,142.00",677.94K,4.74%
"Dec 21, 2019","7,156.20","7,196.40","7,197.60","7,129.60",468.74K,-0.56%
"Dec 20, 2019","7,196.40","7,165.50","7,218.40","7,107.70",627.04K,0.43%
"Dec 19, 2019","7,165.50","7,276.40","7,354.00","7,039.30",778.72K,-1.52%
"Dec 18, 2019","7,276.00","6,613.50","7,387.70","6,462.20",1.14M,10.02%
"Dec 17, 2019","6,613.30","6,903.50","6,943.50","6,575.00",894.55K,-4.20%
"Dec 16, 2019","6,903.50","7,128.50","7,153.10","6,864.60",689.56K,-3.16%
"Dec 15, 2019","7,128.50","7,080.80","7,175.80","7,033.80",492.58K,0.67%
"Dec 14, 2019","7,080.80","7,255.20","7,267.40","7,043.30",524.56K,-2.40%
"Dec 13, 2019","7,255.20","7,208.40","7,288.00","7,200.30",503.49K,0.65%
"Dec 12, 2019","7,208.00","7,208.00","7,272.40","7,124.60",611.80K,0.00%
"Dec 11, 2019","7,208.00","7,235.80","7,284.40","7,168.80",518.40K,-0.38%
"Dec 10, 2019","7,235.70","7,356.20","7,400.30","7,192.10",609.50K,-1.63%
"Dec 09, 2019","7,355.80","7,524.80","7,626.00","7,321.60",648.66K,-2.24%
"Dec 08, 2019","7,524.40","7,510.80","7,576.40","7,416.70",499.04K,0.18%
"Dec 07, 2019","7,510.90","7,530.40","7,595.70","7,489.60",557.14K,-0.26%
"Dec 06, 2019","7,530.80","7,399.20","7,552.10","7,329.80",706.10K,1.78%
"Dec 05, 2019","7,399.20","7,204.60","7,476.30","7,184.00",780.78K,2.70%
"Dec 04, 2019","7,204.40","7,291.90","7,702.20","7,113.60",971.75K,-1.20%
"Dec 03, 2019","7,291.80","7,298.10","7,389.40","7,227.10",548.77K,-0.09%
"Dec 02, 2019","7,298.20","7,395.90","7,433.80","7,173.60",687.78K,-1.33%
"Dec 01, 2019","7,396.40","7,546.50","7,546.50","7,244.40",777.00K,-1.99%
"Nov 30, 2019","7,546.60","7,742.70","7,787.70","7,472.70",650.60K,-2.53%
"Nov 29, 2019","7,742.70","7,426.60","7,825.30","7,412.30",766.71K,4.26%
"Nov 28, 2019","7,426.70","7,510.60","7,639.50","7,380.60",737.58K,-1.12%
"Nov 27, 2019","7,510.60","7,162.80","7,636.90","6,875.40",996.49K,4.86%
"Nov 26, 2019","7,162.80","7,115.50","7,329.50","7,045.10",844.27K,0.66%
"Nov 25, 2019","7,115.60","6,924.70","7,352.80","6,534.80",1.29M,2.76%
"Nov 24, 2019","6,924.70","7,325.00","7,344.10","6,894.90",904.50K,-5.45%
"Nov 23, 2019","7,324.10","7,271.60","7,342.50","7,093.70",783.18K,0.71%
"Nov 22, 2019","7,272.50","7,627.90","7,700.90","6,818.50",1.41M,-4.66%
"Nov 21, 2019","7,627.90","8,099.40","8,129.60","7,519.70",891.50K,-5.82%
"Nov 20, 2019","8,099.30","8,145.70","8,223.00","8,074.20",607.27K,-0.57%
"Nov 19, 2019","8,145.70","8,207.70","8,245.60","8,032.80",654.27K,-0.76%
"Nov 18, 2019","8,208.40","8,510.30","8,516.30","8,110.40",692.60K,-3.54%
"Nov 17, 2019","8,509.80","8,497.40","8,631.70","8,413.00",531.22K,0.15%
"Nov 16, 2019","8,497.30","8,476.20","8,532.80","8,450.70",471.16K,0.25%
"Nov 15, 2019","8,476.30","8,660.80","8,761.80","8,437.10",653.71K,-2.13%
"Nov 14, 2019","8,661.20","8,782.90","8,799.80","8,615.80",515.43K,-1.39%
"Nov 13, 2019","8,783.10","8,813.20","8,829.70","8,721.10",454.33K,-0.33%
"Nov 12, 2019","8,812.60","8,737.40","8,841.20","8,615.70",575.16K,0.87%
"Nov 11, 2019","8,736.90","9,036.90","9,066.40","8,649.40",601.16K,-3.32%
"Nov 10, 2019","9,036.80","8,804.70","9,092.90","8,763.50",581.57K,2.64%
"Nov 09, 2019","8,804.50","8,778.10","8,877.50","8,746.90",512.02K,0.30%
"Nov 08, 2019","8,778.20","9,223.60","9,254.80","8,722.40",791.79K,-4.83%
"Nov 07, 2019","9,223.50","9,339.20","9,367.00","9,130.00",603.54K,-1.24%
"Nov 06, 2019","9,338.90","9,311.20","9,424.60","9,262.70",578.03K,0.30%
"Nov 05, 2019","9,310.80","9,396.10","9,452.70","9,193.90",653.42K,-0.91%
"Nov 04, 2019","9,396.40","9,198.70","9,500.40","9,134.10",681.01K,2.15%
"Nov 03, 2019","9,198.30","9,300.50","9,359.10","9,095.00",536.56K,-1.10%
"Nov 02, 2019","9,300.60","9,230.30","9,356.70","9,201.20",570.74K,0.76%
"Nov 01, 2019","9,230.10","9,153.10","9,270.40","9,057.20",689.65K,0.85%
"Oct 31, 2019","9,152.60","9,157.90","9,378.90","8,959.60",798.93K,-0.06%
"Oct 30, 2019","9,157.90","9,411.30","9,411.30","9,018.40",789.73K,-2.69%
"Oct 29, 2019","9,411.30","9,206.50","9,531.30","9,125.30",918.48K,2.22%
"Oct 28, 2019","9,207.20","9,530.10","9,866.90","9,202.50",1.04M,-3.38%
"Oct 27, 2019","9,529.60","9,230.60","9,773.20","9,081.00",1.16M,3.24%
"Oct 26, 2019","9,230.60","8,658.40","10,540.00","8,061.80",1.78M,6.61%
"Oct 25, 2019","8,658.30","7,422.80","8,697.70","7,404.90",1.18M,16.65%
"Oct 24, 2019","7,422.70","7,476.80","7,501.50","7,366.30",586.49K,-0.73%
"Oct 23, 2019","7,477.00","8,031.00","8,055.00","7,329.20",892.08K,-6.90%
"Oct 22, 2019","8,031.40","8,207.40","8,289.10","8,017.70",570.39K,-2.15%
"Oct 21, 2019","8,208.20","8,224.10","8,315.30","8,155.70",489.40K,-0.18%
"Oct 20, 2019","8,223.40","7,957.40","8,288.50","7,889.60",513.91K,3.34%
"Oct 19, 2019","7,957.30","7,948.30","8,060.20","7,892.40",428.83K,0.11%
"Oct 18, 2019","7,948.50","8,073.30","8,116.40","7,842.00",505.79K,-1.55%
"Oct 17, 2019","8,073.30","8,000.40","8,118.20","7,944.40",444.95K,0.91%
"Oct 16, 2019","8,000.40","8,167.10","8,185.90","7,929.80",538.92K,-2.04%
"Oct 15, 2019","8,167.20","8,353.40","8,400.20","8,139.50",469.73K,-2.23%
"Oct 14, 2019","8,353.30","8,281.30","8,374.30","8,222.20",505.02K,0.87%
"Oct 13, 2019","8,281.50","8,304.30","8,450.20","8,190.60",419.87K,-0.28%
"Oct 12, 2019","8,304.40","8,267.60","8,394.80","8,260.90",424.02K,0.44%
"Oct 11, 2019","8,267.80","8,562.20","8,751.10","8,249.70",667.86K,-3.44%
"Oct 10, 2019","8,562.30","8,566.80","8,638.50","8,438.70",511.46K,-0.05%
"Oct 09, 2019","8,566.70","8,180.10","8,655.90","8,122.70",636.43K,4.69%
"Oct 08, 2019","8,182.90","8,198.50","8,323.10","8,118.10",469.04K,-0.19%
"Oct 07, 2019","8,198.60","7,882.60","8,293.50","7,797.00",604.74K,4.02%
"Oct 06, 2019","7,881.90","8,127.30","8,145.50","7,834.90",448.80K,-3.02%
"Oct 05, 2019","8,127.30","8,148.00","8,185.10","8,030.60",360.92K,-0.25%
"Oct 04, 2019","8,148.10","8,227.60","8,233.60","8,041.40",416.92K,-0.96%
"Oct 03, 2019","8,226.90","8,363.60","8,391.70","8,090.10",460.97K,-1.64%
"Oct 02, 2019","8,364.10","8,302.70","8,374.00","8,167.70",405.86K,0.74%
"Oct 01, 2019","8,302.70","8,285.00","8,486.20","8,187.90",533.95K,0.22%
"Sep 30, 2019","8,284.30","8,048.90","8,318.50","7,749.00",600.26K,2.92%
"Sep 29, 2019","8,049.10","8,208.00","8,226.80","7,922.10",418.48K,-1.94%
"Sep 28, 2019","8,208.50","8,184.50","8,297.20","8,031.10",457.79K,0.29%
"Sep 27, 2019","8,184.90","8,063.80","8,257.40","7,882.10",561.40K,1.50%
"Sep 26, 2019","8,063.80","8,432.50","8,463.10","7,773.60",731.03K,-4.37%
"Sep 25, 2019","8,432.40","8,512.30","8,729.80","8,245.10",696.11K,-0.96%
"Sep 24, 2019","8,513.90","9,702.70","9,793.80","8,069.40",933.16K,-12.25%
"Sep 23, 2019","9,702.20","10,031.30","10,048.80","9,656.30",431.10K,-3.28%
"Sep 22, 2019","10,031.60","9,993.00","10,075.00","9,870.90",337.06K,0.39%
"Sep 21, 2019","9,993.00","10,172.80","10,177.90","9,939.80",326.17K,-1.77%
"Sep 20, 2019","10,172.70","10,251.50","10,279.50","10,088.60",362.07K,-0.76%
"Sep 19, 2019","10,250.50","10,164.60","10,297.60","9,707.60",542.25K,0.84%
"Sep 18, 2019","10,164.70","10,195.70","10,257.50","10,119.30",318.82K,-0.30%
"Sep 17, 2019","10,195.70","10,254.60","10,273.60","10,153.50",321.64K,-0.58%
"Sep 16, 2019","10,255.50","10,311.30","10,360.50","10,108.50",372.53K,-0.54%
"Sep 15, 2019","10,311.50","10,337.30","10,360.40","10,272.00",255.79K,-0.25%
"Sep 14, 2019","10,337.30","10,342.20","10,421.40","10,253.70",326.44K,-0.05%
"Sep 13, 2019","10,342.10","10,415.20","10,441.40","10,174.10",365.52K,-0.70%
"Sep 12, 2019","10,415.10","10,162.40","10,447.90","10,051.00",413.22K,2.49%
"Sep 11, 2019","10,162.50","10,104.90","10,257.50","9,908.90",413.06K,0.57%
"Sep 10, 2019","10,105.40","10,308.70","10,379.80","9,970.70",383.22K,-1.98%
"Sep 09, 2019","10,309.00","10,402.10","10,478.00","10,095.70",473.76K,-0.90%
"Sep 08, 2019","10,402.80","10,461.60","10,578.00","10,266.30",339.73K,-0.56%
"Sep 07, 2019","10,461.10","10,306.90","10,556.40","10,302.30",393.57K,1.47%
"Sep 06, 2019","10,309.30","10,566.70","10,896.20","10,227.40",643.02K,-2.44%
"Sep 05, 2019","10,566.90","10,567.80","10,630.70","10,469.90",402.09K,-0.01%
"Sep 04, 2019","10,568.20","10,611.60","10,783.60","10,388.60",504.45K,-0.42%
"Sep 03, 2019","10,612.30","10,348.10","10,756.80","10,283.50",578.79K,2.55%
"Sep 02, 2019","10,348.80","9,728.80","10,431.50","9,720.30",542.79K,6.37%
"Sep 01, 2019","9,729.30","9,594.70","9,799.50","9,533.60",322.66K,1.41%
"Aug 31, 2019","9,594.40","9,585.50","9,677.50","9,457.30",311.49K,0.09%
"Aug 30, 2019","9,585.40","9,494.10","9,675.70","9,370.20",413.92K,0.99%
"Aug 29, 2019","9,491.00","9,729.10","9,729.10","9,343.00",509.13K,-2.45%
"Aug 28, 2019","9,729.40","10,184.70","10,271.30","9,629.60",580.29K,-4.47%
"Aug 27, 2019","10,184.80","10,372.20","10,387.60","10,060.20",419.81K,-1.80%
"Aug 26, 2019","10,371.80","10,136.00","10,568.20","10,136.00",568.77K,2.32%
"Aug 25, 2019","10,136.30","10,132.10","10,307.00","9,935.20",422.53K,0.05%
"Aug 24, 2019","10,131.00","10,389.40","10,415.90","9,917.50",463.85K,-2.48%
"Aug 23, 2019","10,388.70","10,104.90","10,434.30","9,921.40",436.26K,2.81%
"Aug 22, 2019","10,105.00","10,141.10","10,218.20","9,777.00",520.75K,-0.36%
"Aug 21, 2019","10,141.50","10,753.30","10,797.80","9,908.00",717.65K,-5.68%
"Aug 20, 2019","10,752.60","10,911.20","10,941.60","10,581.00",515.47K,-1.45%
"Aug 19, 2019","10,910.70","10,312.80","10,923.90","10,267.80",519.01K,5.80%
"Aug 18, 2019","10,312.70","10,219.30","10,494.90","10,086.70",441.11K,0.93%
"Aug 17, 2019","10,218.10","10,335.50","10,460.70","10,016.30",497.77K,-1.14%
"Aug 16, 2019","10,335.60","10,300.90","10,734.00","9,788.60",798.67K,0.31%
"Aug 15, 2019","10,303.40","10,053.30","10,448.20","9,580.10",930.05K,2.53%
"Aug 14, 2019","10,049.40","10,894.20","10,894.50","9,965.50",745.59K,-7.74%
"Aug 13, 2019","10,892.90","11,395.00","11,445.60","10,793.20",540.78K,-4.40%
"Aug 12, 2019","11,394.20","11,505.10","11,508.60","11,267.30",391.08K,-1.07%
"Aug 11, 2019","11,517.20","11,314.60","11,728.40","11,146.10",435.83K,1.79%
"Aug 10, 2019","11,314.50","12,090.50","12,185.00","11,281.60",570.74K,-6.41%
"Aug 09, 2019","12,089.80","12,190.00","12,225.30","11,885.00",558.72K,-0.84%
"Aug 08, 2019","12,191.60","12,015.90","12,236.60","11,727.00",592.15K,1.48%
"Aug 07, 2019","12,013.90","11,481.00","12,114.50","11,406.40",702.85K,4.64%
"Aug 06, 2019","11,480.90","11,817.60","12,291.90","11,237.00",807.58K,-2.84%
"Aug 05, 2019","11,816.80","10,934.80","11,922.30","10,934.80",769.63K,8.07%
"Aug 04, 2019","10,934.60","10,816.10","11,017.70","10,568.80",585.71K,1.10%
"Aug 03, 2019","10,815.70","10,519.90","10,893.60","10,504.50",508.75K,2.81%
"Aug 02, 2019","10,520.10","10,380.50","10,664.80","10,330.50",578.29K,1.35%
"Aug 01, 2019","10,380.00","10,081.90","10,459.00","9,890.60",608.37K,2.96%
"Jul 31, 2019","10,082.00","9,580.30","10,100.00","9,562.40",589.84K,5.23%
"Jul 30, 2019","9,580.70","9,580.00","9,703.00","9,483.00",511.51K,0.00%
"Jul 29, 2019","9,580.90","9,728.50","9,835.40","9,502.50",510.90K,-1.51%
"Jul 28, 2019","9,727.80","9,491.10","9,798.50","9,401.10",518.59K,2.48%
"Jul 27, 2019","9,492.10","9,830.40","10,232.30","9,389.10",661.89K,-3.45%
"Jul 26, 2019","9,831.00","9,945.20","10,436.10","9,724.20",493.75K,-1.15%
"Jul 25, 2019","9,945.30","9,804.70","10,203.50","9,776.60",545.85K,1.44%
"Jul 24, 2019","9,804.30","9,887.20","9,945.30","9,584.00",639.54K,-0.85%
"Jul 23, 2019","9,888.70","10,412.80","10,414.70","9,865.40",663.38K,-5.03%
"Jul 22, 2019","10,412.50","10,715.10","10,806.30","10,196.50",591.27K,-2.82%
"Jul 21, 2019","10,714.40","10,827.00","10,883.80","10,442.50",562.17K,-1.04%
"Jul 20, 2019","10,826.70","10,571.90","11,155.60","10,462.00",668.94K,2.41%
"Jul 19, 2019","10,571.50","10,651.60","10,758.40","10,160.70",727.79K,-0.75%
"Jul 18, 2019","10,651.40","9,723.10","10,787.10","9,390.00",974.49K,9.55%
"Jul 17, 2019","9,723.20","9,425.10","9,983.60","9,082.60",1.03M,3.17%
"Jul 16, 2019","9,424.80","10,844.00","11,019.50","9,375.30",1.05M,-13.10%
"Jul 15, 2019","10,845.90","10,199.90","11,064.70","9,885.40",956.52K,6.33%
"Jul 14, 2019","10,200.10","11,364.30","11,448.70","10,128.90",840.76K,-10.25%
"Jul 13, 2019","11,364.90","11,762.80","11,798.40","10,839.40",747.71K,-3.38%
"Jul 12, 2019","11,762.10","11,343.70","11,881.40","11,109.80",738.17K,3.70%
"Jul 11, 2019","11,342.30","12,111.60","12,111.60","11,029.00",943.13K,-6.34%
"Jul 10, 2019","12,110.60","12,542.80","13,134.40","11,594.90",1.11M,-3.44%
"Jul 09, 2019","12,541.50","12,250.60","12,772.90","12,111.20",847.84K,2.36%
"Jul 08, 2019","12,252.60","11,415.80","12,332.30","11,304.80",695.60K,7.33%
"Jul 07, 2019","11,415.90","11,267.90","11,524.60","11,108.10",601.93K,1.31%
"Jul 06, 2019","11,268.00","10,969.80","11,650.20","10,967.90",688.96K,2.71%
"Jul 05, 2019","10,970.20","11,159.70","11,381.80","10,810.30",772.67K,-1.73%
"Jul 04, 2019","11,163.10","11,899.30","11,948.00","11,087.10",840.34K,-6.20%
"Jul 03, 2019","11,900.80","10,835.90","11,931.80","10,835.90",998.73K,9.83%
"Jul 02, 2019","10,835.90","10,615.50","10,923.50","9,728.50",1.12M,2.07%
"Jul 01, 2019","10,616.60","10,821.40","11,254.50","10,041.60",1.04M,-1.87%
"Jun 30, 2019","10,818.60","11,906.00","12,179.30","10,765.40",880.77K,-9.14%
"Jun 29, 2019","11,906.50","12,408.00","12,422.90","11,490.80",834.62K,-4.05%
"Jun 28, 2019","12,409.10","11,288.40","12,461.80","10,970.50",1.09M,9.93%
"Jun 27, 2019","11,287.80","13,062.40","13,422.00","10,493.50",1.59M,-13.59%
"Jun 26, 2019","13,063.80","11,811.60","13,929.80","11,747.30",1.48M,10.62%
"Jun 25, 2019","11,809.90","11,046.60","11,833.90","11,033.70",781.09K,6.91%
"Jun 24, 2019","11,046.40","10,897.30","11,114.40","10,622.60",566.96K,1.37%
"Jun 23, 2019","10,897.10","10,721.50","11,361.30","10,557.80",683.79K,1.64%
"Jun 22, 2019","10,721.70","10,178.10","11,160.50","10,031.30",1.09M,5.33%
"Jun 21, 2019","10,179.30","9,517.70","10,184.30","9,517.40",769.12K,6.96%
"Jun 20, 2019","9,517.00","9,255.00","9,583.90","9,188.40",693.62K,2.83%
"Jun 19, 2019","9,255.40","9,080.70","9,295.10","9,044.00",587.57K,1.93%
"Jun 18, 2019","9,080.60","9,318.90","9,336.10","8,962.70",723.17K,-2.56%
"Jun 17, 2019","9,318.80","8,961.00","9,438.10","8,959.80",738.80K,3.98%
"Jun 16, 2019","8,962.50","8,812.20","9,332.00","8,771.10",849.77K,1.70%
"Jun 15, 2019","8,812.50","8,655.80","8,856.70","8,582.30",608.69K,1.81%
"Jun 14, 2019","8,656.10","8,218.60","8,685.30","8,153.20",643.17K,5.32%
"Jun 13, 2019","8,219.00","8,132.40","8,306.10","8,028.60",574.21K,1.06%
"Jun 12, 2019","8,133.10","7,888.00","8,198.10","7,805.80",607.89K,3.11%
"Jun 11, 2019","7,888.00","7,987.80","8,010.40","7,714.50",579.00K,-1.25%
"Jun 10, 2019","7,987.80","7,635.00","8,012.80","7,523.60",641.38K,4.62%
"Jun 09, 2019","7,635.00","7,901.60","7,937.50","7,516.90",554.48K,-3.37%
"Jun 08, 2019","7,901.40","7,985.30","8,044.40","7,770.50",485.81K,-1.05%
"Jun 07, 2019","7,985.20","7,785.80","8,099.40","7,749.40",588.87K,2.57%
"Jun 06, 2019","7,784.90","7,779.60","7,861.40","7,480.40",651.82K,0.08%
"Jun 05, 2019","7,779.10","7,685.60","7,885.00","7,590.40",762.94K,1.22%
"Jun 04, 2019","7,685.50","8,118.10","8,118.10","7,494.00",966.95K,-5.41%
"Jun 03, 2019","8,124.80","8,728.60","8,734.90","8,102.70",739.45K,-6.92%
"Jun 02, 2019","8,728.60","8,545.80","8,807.70","8,534.80",614.54K,2.14%
"Jun 01, 2019","8,545.70","8,556.90","8,615.80","8,454.00",686.75K,-0.15%
"May 31, 2019","8,558.30","8,271.40","8,578.80","8,135.00",858.41K,3.46%
"May 30, 2019","8,271.90","8,647.80","9,045.90","8,054.70",1.04M,-4.35%
"May 29, 2019","8,647.80","8,715.60","8,747.20","8,435.30",15.43M,-0.79%
"May 28, 2019","8,716.30","8,759.40","8,794.10","8,568.80",763.20K,-0.50%
"May 27, 2019","8,760.10","8,628.90","8,902.80","8,607.30",907.96K,1.51%
"May 26, 2019","8,630.20","8,029.60","8,718.60","7,866.50",872.12K,7.51%
"May 25, 2019","8,027.40","7,971.40","8,090.10","7,919.10",691.27K,0.72%
"May 24, 2019","7,970.10","7,852.80","8,124.10","7,775.40",868.47K,1.50%
"May 23, 2019","7,852.10","7,637.20","7,939.10","7,486.80",815.14K,2.83%
"May 22, 2019","7,635.70","7,928.70","7,999.00","7,545.90",821.40K,-3.72%
"May 21, 2019","7,930.30","7,965.00","8,056.80","7,813.20",804.88K,-0.44%
"May 20, 2019","7,965.30","8,156.40","8,156.40","7,604.00",958.81K,-2.35%
"May 19, 2019","8,157.20","7,261.90","8,253.40","7,252.30",1.08M,12.32%
"May 18, 2019","7,262.60","7,359.90","7,458.50","7,189.40",865.53K,-1.32%
"May 17, 2019","7,359.50","7,871.90","7,924.00","6,998.60",1.43M,-6.51%
"May 16, 2019","7,871.80","8,164.80","8,293.30","7,720.40",1.18M,-3.59%
"May 15, 2019","8,164.60","7,994.80","8,225.30","7,856.50",1.13M,2.13%
"May 14, 2019","7,994.60","7,806.40","8,323.90","7,674.00",1.33M,2.42%
"May 13, 2019","7,806.00","6,984.70","8,058.30","6,893.10",1.20M,11.76%
"May 12, 2019","6,984.80","7,190.00","7,518.90","6,802.60",1.35M,-2.86%
"May 11, 2019","7,190.30","6,386.60","7,373.80","6,386.50",1.31M,12.59%
"May 10, 2019","6,386.00","6,194.30","6,466.60","6,157.80",907.94K,3.14%
"May 09, 2019","6,191.50","5,990.50","6,206.00","5,990.00",799.96K,3.36%
"May 08, 2019","5,990.30","5,849.40","6,011.30","5,799.10",757.13K,2.41%
"May 07, 2019","5,849.50","5,745.50","6,019.80","5,745.50",955.88K,1.82%
"May 06, 2019","5,745.10","5,775.10","5,801.40","5,630.50",755.39K,-0.52%
"May 05, 2019","5,774.90","5,830.80","5,838.20","5,708.20",709.02K,-0.96%
"May 04, 2019","5,830.90","5,768.00","5,899.20","5,605.00",920.61K,1.11%
"May 03, 2019","5,766.80","5,493.60","5,844.20","5,478.70",1.04M,4.97%
"May 02, 2019","5,493.80","5,384.60","5,530.80","5,370.00",722.23K,2.04%
"May 01, 2019","5,384.20","5,321.10","5,396.30","5,319.50",623.64K,1.19%
"Apr 30, 2019","5,320.80","5,235.40","5,336.60","5,195.90",697.42K,1.64%
"Apr 29, 2019","5,235.00","5,302.40","5,322.90","5,188.90",775.82K,-1.27%
"Apr 28, 2019","5,302.30","5,265.70","5,332.50","5,234.40",681.41K,0.69%
"Apr 27, 2019","5,265.90","5,298.20","5,318.10","5,225.40",833.13K,-0.61%
"Apr 26, 2019","5,298.30","5,209.20","5,469.30","5,159.30",1.03M,1.71%
"Apr 25, 2019","5,209.10","5,415.60","5,528.20","5,137.40",955.36K,-3.81%
"Apr 24, 2019","5,415.60","5,511.20","5,589.60","5,346.80",994.04K,-1.74%
"Apr 23, 2019","5,511.60","5,346.50","5,594.40","5,291.40",900.00K,3.08%
"Apr 22, 2019","5,346.70","5,248.20","5,370.20","5,170.20",920.77K,1.97%
"Apr 21, 2019","5,243.50","5,290.20","5,308.20","5,189.80",811.41K,-0.88%
"Apr 20, 2019","5,290.20","5,241.00","5,327.00","5,240.20",782.32K,0.94%
"Apr 19, 2019","5,241.00","5,264.80","5,282.40","5,192.10",787.09K,-0.45%
"Apr 18, 2019","5,264.70","5,208.30","5,293.10","5,205.00",727.97K,1.08%
"Apr 17, 2019","5,208.30","5,182.10","5,230.90","5,165.50",806.52K,0.53%
"Apr 16, 2019","5,180.90","5,031.40","5,198.40","5,014.40",631.05K,2.95%
"Apr 15, 2019","5,032.30","5,135.10","5,168.00","4,964.20",688.20K,-2.00%
"Apr 14, 2019","5,134.80","5,052.00","5,153.50","5,010.70",566.38K,1.64%
"Apr 13, 2019","5,051.80","5,054.20","5,093.40","5,011.60",577.16K,-0.05%
"Apr 12, 2019","5,054.20","5,022.70","5,080.50","4,889.20",779.14K,0.63%
"Apr 11, 2019","5,022.60","5,307.70","5,337.00","4,948.00",943.49K,-5.37%
"Apr 10, 2019","5,307.80","5,158.40","5,404.10","5,142.90",837.51K,2.89%
"Apr 09, 2019","5,158.40","5,245.00","5,245.90","5,095.20",784.62K,-1.65%
"Apr 08, 2019","5,245.20","5,173.50","5,300.60","5,060.50",928.23K,1.38%
"Apr 07, 2019","5,173.60","5,046.10","5,219.50","5,033.70",841.27K,2.53%
"Apr 06, 2019","5,046.20","5,010.00","5,198.40","4,947.90",952.18K,0.72%
"Apr 05, 2019","5,010.20","4,902.50","5,029.40","4,888.30",851.72K,2.20%
"Apr 04, 2019","4,902.40","4,968.70","5,042.50","4,789.20",1.05M,-1.33%
"Apr 03, 2019","4,968.70","4,859.30","5,278.40","4,814.00",13.83M,2.25%
"Apr 02, 2019","4,859.30","4,145.10","4,899.60","4,143.50",14.77M,17.23%
"Apr 01, 2019","4,145.10","4,102.30","4,159.10","4,076.80",3.22M,1.04%
"Mar 31, 2019","4,102.30","4,111.80","4,121.90","4,082.20",2.43M,-0.23%
"Mar 30, 2019","4,111.80","4,103.70","4,138.10","4,057.10",2.55M,0.23%
"Mar 29, 2019","4,102.20","4,025.70","4,123.10","4,022.60",3.30M,1.90%
"Mar 28, 2019","4,025.60","4,041.70","4,041.70","4,008.40",2.11M,-0.40%
"Mar 27, 2019","4,041.70","3,942.80","4,043.30","3,936.20",2.78M,2.51%
"Mar 26, 2019","3,942.80","3,937.10","3,950.70","3,899.90",2.53M,0.15%
"Mar 25, 2019","3,937.00","3,994.80","4,000.50","3,897.90",2.86M,-1.44%
"Mar 24, 2019","3,994.70","4,002.60","4,005.70","3,967.00",2.04M,-0.20%
"Mar 23, 2019","4,002.50","3,990.40","4,018.20","3,980.80",2.00M,0.30%
,,,,,,
,,,,,,
,,,,,,
,,,,,,
,,,,,,
,,,,,,
,,,,,,
,,,,,,
,,,,,,
,,,,,,
,,,,,,
,,,,,,
,,,,,,
,,,,,,
,,,,,,
,,,,,,
,,,,,,
,,,,,,
,,,,,,
,,,,,,
,,,,,,
,,,,,,
,,,,,,
,,,,,,
,,,,,,
,,,,,,
,,,,,,
,,,,,,
,,,,,,
,,,,,,
,,,,,,
,,,,,,
,,,,,,
,,,,,,
,,,,,,
,,,,,,
,,,,,,
,,,,,,
,,,,,,
,,,,,,
,,,,,,
,,,,,,
,,,,,,
,,,,,,
,,,,,,
,,,,,,
,,,,,,
,,,,,,
,,,,,,
,,,,,,
,,,,,,
,,,,,,
,,,,,,
,,,,,,
,,,,,,
,,,,,,
,,,,,,
,,,,,,
,,,,,,
,,,,,,
,,,,,,
,,,,,,
,,,,,,
,,,,,,
,,,,,,
,,,,,,
,,,,,,
,,,,,,
,,,,,,
,,,,,,
,,,,,,
,,,,,,
,,,,,,
,,,,,,
,,,,,,
,,,,,,
,,,,,,
,,,,,,
,,,,,,
,,,,,,
,,,,,,
,,,,,,
,,,,,,
,,,,,,
,,,,,,
,,,,,,
,,,,,,
,,,,,,
,,,,,,
,,,,,,
,,,,,,
,,,,,,
,,,,,,
,,,,,,
,,,,,,
,,,,,,
,,,,,,
,,,,,,
,,,,,,
,,,,,,
,,,,,,
,,,,,,
,,,,,,
,,,,,,
,,,,,,
,,,,,,
,,,,,,
,,,,,,
,,,,,,
,,,,,,
,,,,,,
,,,,,,
,,,,,,
,,,,,,
,,,,,,
,,,,,,
,,,,,,
,,,,,,
,,,,,,
,,,,,,
,,,,,,
,,,,,,
,,,,,,
,,,,,,
,,,,,,
,,,,,,
,,,,,,
,,,,,,
,,,,,,
,,,,,,
,,,,,,
,,,,,,
,,,,,,
,,,,,,
,,,,,,
,,,,,,
,,,,,,
,,,,,,
,,,,,,
,,,,,,
,,,,,,
,,,,,,
,,,,,,
,,,,,,
,,,,,,
,,,,,,
,,,,,,
,,,,,,
,,,,,,
,,,,,,
,,,,,,
,,,,,,
,,,,,,
,,,,,,
,,,,,,
,,,,,,
,,,,,,
,,,,,,
,,,,,,
,,,,,,
,,,,,,
,,,,,,
,,,,,,
,,,,,,
,,,,,,
,,,,,,
,,,,,,
,,,,,,
,,,,,,
,,,,,,
,,,,,,
,,,,,,
,,,,,,
,,,,,,
,,,,,,
,,,,,,
,,,,,,
,,,,,,
,,,,,,
,,,,,,
,,,,,,
,,,,,,
,,,,,,
,,,,,,
,,,,,,
,,,,,,
,,,,,,
,,,,,,
,,,,,,
,,,,,,
,,,,,,
,,,,,,
,,,,,,
,,,,,,
,,,,,,
,,,,,,
,,,,,,
,,,,,,
,,,,,,
,,,,,,
,,,,,,
,,,,,,
,,,,,,
,,,,,,
,,,,,,
,,,,,,
,,,,,,
,,,,,,
,,,,,,
,,,,,,
,,,,,,
,,,,,,
,,,,,,
,,,,,,
,,,,,,
,,,,,,
,,,,,,
,,,,,,
,,,,,,
,,,,,,
,,,,,,
,,,,,,
,,,,,,
,,,,,,
,,,,,,
,,,,,,
,,,,,,
,,,,,,
,,,,,,
,,,,,,
,,,,,,
,,,,,,
,,,,,,
,,,,,,
,,,,,,
,,,,,,
,,,,,,
,,,,,,
,,,,,,
,,,,,,
,,,,,,
,,,,,,
,,,,,,
,,,,,,
,,,,,,
,,,,,,
,,,,,,
,,,,,,
,,,,,,
,,,,,,
,,,,,,
,,,,,,
,,,,,,
,,,,,,
,,,,,,
,,,,,,
,,,,,,
,,,,,,
,,,,,,
,,,,,,
,,,,,,
,,,,,,
,,,,,,
,,,,,,
,,,,,,
,,,,,,
,,,,,,
,,,,,,
,,,,,,
,,,,,,
,,,,,,
,,,,,,
,,,,,,
,,,,,,
,,,,,,
,,,,,,
,,,,,,
,,,,,,
,,,,,,
,,,,,,
,,,,,,
,,,,,,
,,,,,,
,,,,,,
,,,,,,
,,,,,,
,,,,,,
,,,,,,
,,,,,,
,,,,,,
,,,,,,
,,,,,,
,,,,,,
,,,,,,
,,,,,,
,,,,,,
,,,,,,
,,,,,,
,,,,,,
,,,,,,
,,,,,,
,,,,,,
,,,,,,
,,,,,,
,,,,,,
,,,,,,
,,,,,,
,,,,,,
,,,,,,
,,,,,,
,,,,,,
,,,,,,
,,,,,,
,,,,,,
,,,,,,
,,,,,,
,,,,,,
,,,,,,
,,,,,,
,,,,,,
,,,,,,
,,,,,,
,,,,,,
,,,,,,
,,,,,,
,,,,,,
,,,,,,
,,,,,,
,,,,,,
,,,,,,
,,,,,,
,,,,,,
,,,,,,
,,,,,,
,,,,,,
,,,,,,
,,,,,,
,,,,,,
,,,,,,
,,,,,,
,,,,,,
,,,,,,
,,,,,,
,,,,,,
,,,,,,
,,,,,,
,,,,,,
,,,,,,
,,,,,,
,,,,,,
,,,,,,
,,,,,,
,,,,,,
,,,,,,
,,,,,,
,,,,,,
,,,,,,
,,,,,,
,,,,,,
,,,,,,
,,,,,,
,,,,,,
,,,,,,
,,,,,,
,,,,,,
,,,,,,
,,,,,,
,,,,,,
,,,,,,
,,,,,,
,,,,,,
,,,,,,
,,,,,,
,,,,,,
,,,,,,
,,,,,,
,,,,,,
,,,,,,
,,,,,,
,,,,,,
,,,,,,
,,,,,,
,,,,,,
,,,,,,
,,,,,,
,,,,,,
,,,,,,
,,,,,,
,,,,,,
,,,,,,
,,,,,,
,,,,,,
,,,,,,
,,,,,,
,,,,,,
,,,,,,
,,,,,,
,,,,,,
,,,,,,
,,,,,,
,,,,,,
,,,,,,
,,,,,,
,,,,,,
,,,,,,
,,,,,,
,,,,,,
,,,,,,
,,,,,,
,,,,,,
,,,,,,
,,,,,,
,,,,,,
,,,,,,
,,,,,,
,,,,,,
,,,,,,
,,,,,,
,,,,,,
,,,,,,
,,,,,,
,,,,,,
,,,,,,
,,,,,,
,,,,,,
,,,,,,
,,,,,,
,,,,,,
,,,,,,
,,,,,,
,,,,,,
,,,,,,
,,,,,,
,,,,,,
,,,,,,
,,,,,,
,,,,,,
,,,,,,
,,,,,,
,,,,,,
,,,,,,
,,,,,,
,,,,,,
,,,,,,
,,,,,,
,,,,,,
,,,,,,
,,,,,,
,,,,,,
,,,,,,
,,,,,,
,,,,,,
,,,,,,
,,,,,,
,,,,,,
,,,,,,
,,,,,,
,,,,,,
,,,,,,
,,,,,,
,,,,,,
,,,,,,
,,,,,,
,,,,,,
,,,,,,
,,,,,,
,,,,,,
,,,,,,
,,,,,,
,,,,,,
,,,,,,
,,,,,,
,,,,,,
,,,,,,
,,,,,,
,,,,,,
,,,,,,
,,,,,,
,,,,,,
,,,,,,
,,,,,,
,,,,,,
,,,,,,
,,,,,,
,,,,,,
,,,,,,
,,,,,,
,,,,,,
,,,,,,
,,,,,,
,,,,,,
,,,,,,
,,,,,,
,,,,,,
,,,,,,
,,,,,,
,,,,,,
,,,,,,
,,,,,,
,,,,,,
,,,,,,
,,,,,,
,,,,,,
,,,,,,
,,,,,,
,,,,,,
,,,,,,
,,,,,,
,,,,,,
,,,,,,
,,,,,,
,,,,,,
,,,,,,
,,,,,,
,,,,,,
,,,,,,
,,,,,,
,,,,,,
,,,,,,
,,,,,,
,,,,,,
,,,,,,
,,,,,,
,,,,,,
,,,,,,
,,,,,,
,,,,,,
,,,,,,
,,,,,,
,,,,,,
,,,,,,
,,,,,,
,,,,,,
,,,,,,
,,,,,,
,,,,,,
,,,,,,
,,,,,,
,,,,,,
,,,,,,
,,,,,,
,,,,,,
,,,,,,
,,,,,,
,,,,,,
,,,,,,
,,,,,,
,,,,,,
,,,,,,
,,,,,,
,,,,,,
,,,,,,
,,,,,,
,,,,,,
,,,,,,
,,,,,,
,,,,,,
,,,,,,
,,,,,,
,,,,,,
,,,,,,
,,,,,,
,,,,,,
,,,,,,
,,,,,,
,,,,,,
,,,,,,
,,,,,,
,,,,,,
,,,,,,
,,,,,,
,,,,,,
,,,,,,
,,,,,,
,,,,,,
,,,,,,
,,,,,,
,,,,,,
,,,,,,
,,,,,,
,,,,,,
,,,,,,
,,,,,,
,,,,,,
,,,,,,
,,,,,,
,,,,,,
,,,,,,
,,,,,,
,,,,,,
,,,,,,
,,,,,,
,,,,,,
,,,,,,
,,,,,,
,,,,,,
,,,,,,
,,,,,,
,,,,,,
,,,,,,
,,,,,,
,,,,,,
,,,,,,
,,,,,,
,,,,,,
,,,,,,
,,,,,,
,,,,,,
,,,,,,
,,,,,,
,,,,,,
,,,,,,
,,,,,,
,,,,,,
,,,,,,
,,,,,,
,,,,,,
,,,,,,
,,,,,,
,,,,,,
,,,,,,
,,,,,,
,,,,,,
,,,,,,
,,,,,,
,,,,,,
,,,,,,
,,,,,,
,,,,,,
,,,,,,
,,,,,,
,,,,,,
,,,,,,
,,,,,,
,,,,,,
,,,,,,
,,,,,,
,,,,,,
,,,,,,
,,,,,,
,,,,,,
,,,,,,
,,,,,,
,,,,,,
,,,,,,
,,,,,,
,,,,,,
,,,,,,
,,,,,,
,,,,,,
,,,,,,
,,,,,,
,,,,,,
,,,,,,
,,,,,,
,,,,,,
,,,,,,
,,,,,,
,,,,,,
,,,,,,
,,,,,,
,,,,,,
,,,,,,
,,,,,,
,,,,,,
,,,,,,
,,,,,,
,,,,,,
,,,,,,
,,,,,,
,,,,,,
,,,,,,
,,,,,,
,,,,,,
,,,,,,
,,,,,,
,,,,,,
,,,,,,
,,,,,,
,,,,,,
,,,,,,
,,,,,,
,,,,,,
,,,,,,
,,,,,,
,,,,,,
,,,,,,
,,,,,,
,,,,,,
,,,,,,
,,,,,,
,,,,,,
,,,,,,
,,,,,,
,,,,,,
,,,,,,
,,,,,,
,,,,,,
,,,,,,
,,,,,,
,,,,,,
,,,,,,
,,,,,,
,,,,,,
,,,,,,
,,,,,,
,,,,,,
,,,,,,
,,,,,,
,,,,,,
,,,,,,
,,,,,,
,,,,,,
,,,,,,
,,,,,,
,,,,,,
,,,,,,
,,,,,,
,,,,,,
,,,,,,
,,,,,,
,,,,,,
,,,,,,
,,,,,,
,,,,,,
,,,,,,
,,,,,,
,,,,,,
,,,,,,
,,,,,,
,,,,,,
,,,,,,
,,,,,,
,,,,,,
,,,,,,
,,,,,,
,,,,,,
,,,,,,
,,,,,,
,,,,,,
,,,,,,
,,,,,,
,,,,,,
,,,,,,
,,,,,,
,,,,,,
,,,,,,
,,,,,,
,,,,,,
,,,,,,
,,,,,,
,,,,,,
,,,,,,
,,,,,,
,,,,,,
,,,,,,
,,,,,,
,,,,,,
,,,,,,
,,,,,,
,,,,,,
,,,,,,
,,,,,,
,,,,,,
,,,,,,
,,,,,,
,,,,,,
,,,,,,
,,,,,,
,,,,,,
,,,,,,
,,,,,,
,,,,,,
,,,,,,
,,,,,,
,,,,,,
,,,,,,
,,,,,,
,,,,,,
,,,,,,
,,,,,,
,,,,,,
,,,,,,
,,,,,,
,,,,,,
,,,,,,
,,,,,,
,,,,,,
,,,,,,
,,,,,,
,,,,,,
,,,,,,
,,,,,,
,,,,,,
,,,,,,
,,,,,,
,,,,,,
,,,,,,
,,,,,,
,,,,,,
,,,,,,
,,,,,,
,,,,,,
,,,,,,
,,,,,,
,,,,,,
,,,,,,
,,,,,,
,,,,,,
,,,,,,
,,,,,,
,,,,,,
,,,,,,
,,,,,,
,,,,,,
,,,,,,
,,,,,,
,,,,,,
,,,,,,
,,,,,,
,,,,,,
,,,,,,
,,,,,,
,,,,,,
,,,,,,
,,,,,,
,,,,,,
,,,,,,
,,,,,,
,,,,,,
,,,,,,
,,,,,,
,,,,,,
,,,,,,
,,,,,,
,,,,,,
,,,,,,
,,,,,,
,,,,,,
,,,,,,
,,,,,,
,,,,,,
,,,,,,
,,,,,,
,,,,,,
,,,,,,
,,,,,,
,,,,,,
,,,,,,
,,,,,,
,,,,,,
,,,,,,
,,,,,,
,,,,,,
,,,,,,
,,,,,,
,,,,,,
,,,,,,
,,,,,,
,,,,,,
,,,,,,
,,,,,,
,,,,,,
,,,,,,
,,,,,,
,,,,,,
,,,,,,
,,,,,,
,,,,,,
,,,,,,
,,,,,,
,,,,,,
,,,,,,
,,,,,,
,,,,,,
,,,,,,
,,,,,,
,,,,,,
,,,,,,
,,,,,,
,,,,,,
,,,,,,
,,,,,,
,,,,,,
,,,,,,
,,,,,,
,,,,,,
,,,,,,
,,,,,,
,,,,,,
,,,,,,
,,,,,,
,,,,,,
,,,,,,
,,,,,,
,,,,,,
,,,,,,
,,,,,,
,,,,,,
,,,,,,
,,,,,,
,,,,,,
,,,,,,
,,,,,,
,,,,,,
,,,,,,
,,,,,,
,,,,,,
,,,,,,
,,,,,,
,,,,,,
,,,,,,
,,,,,,
,,,,,,
,,,,,,
,,,,,,
,,,,,,
,,,,,,
,,,,,,
,,,,,,
,,,,,,
,,,,,,
,,,,,,
,,,,,,
,,,,,,
,,,,,,
,,,,,,
,,,,,,
,,,,,,
,,,,,,
,,,,,,
,,,,,,
,,,,,,
,,,,,,
,,,,,,
,,,,,,
,,,,,,
,,,,,,
,,,,,,
,,,,,,
,,,,,,
,,,,,,
,,,,,,
,,,,,,
,,,,,,
,,,,,,
,,,,,,
,,,,,,
,,,,,,
,,,,,,
,,,,,,
,,,,,,
,,,,,,
,,,,,,
,,,,,,
,,,,,,
,,,,,,
,,,,,,
,,,,,,
,,,,,,
,,,,,,
,,,,,,
,,,,,,
,,,,,,
,,,,,,
,,,,,,
,,,,,,
,,,,,,
,,,,,,
,,,,,,
,,,,,,
,,,,,,
,,,,,,
,,,,,,
,,,,,,
,,,,,,
,,,,,,
,,,,,,
,,,,,,
,,,,,,
,,,,,,
,,,,,,
,,,,,,
,,,,,,
,,,,,,
,,,,,,
,,,,,,
,,,,,,
,,,,,,
,,,,,,
,,,,,,
,,,,,,
,,,,,,
,,,,,,
,,,,,,
,,,,,,
,,,,,,
,,,,,,
,,,,,,
,,,,,,
,,,,,,
,,,,,,
,,,,,,
,,,,,,
,,,,,,
,,,,,,
,,,,,,
,,,,,,
,,,,,,
,,,,,,
,,,,,,
,,,,,,
,,,,,,
,,,,,,
,,,,,,
,,,,,,
,,,,,,
,,,,,,
,,,,,,
,,,,,,
,,,,,,
,,,,,,
,,,,,,
,,,,,,
,,,,,,
,,,,,,
,,,,,,
,,,,,,
,,,,,,
,,,,,,
,,,,,,
,,,,,,
,,,,,,
,,,,,,
,,,,,,
,,,,,,
,,,,,,
,,,,,,
,,,,,,
,,,,,,
,,,,,,
,,,,,,
,,,,,,
,,,,,,
,,,,,,
,,,,,,
,,,,,,
,,,,,,
,,,,,,
,,,,,,
,,,,,,
,,,,,,
,,,,,,
,,,,,,
,,,,,,
,,,,,,
,,,,,,
,,,,,,
,,,,,,
,,,,,,
,,,,,,
,,,,,,
,,,,,,
,,,,,,
,,,,,,
,,,,,,
,,,,,,
,,,,,,
,,,,,,
,,,,,,
,,,,,,
,,,,,,
,,,,,,
,,,,,,
,,,,,,
,,,,,,
,,,,,,
,,,,,,
,,,,,,
,,,,,,
,,,,,,
,,,,,,
,,,,,,
,,,,,,
,,,,,,
,,,,,,
,,,,,,
,,,,,,
,,,,,,
,,,,,,
,,,,,,
,,,,,,
,,,,,,
,,,,,,
,,,,,,
,,,,,,
,,,,,,
,,,,,,
,,,,,,
,,,,,,
,,,,,,
,,,,,,
,,,,,,
,,,,,,
,,,,,,
,,,,,,
,,,,,,
,,,,,,
,,,,,,
,,,,,,
,,,,,,
,,,,,,
,,,,,,
,,,,,,
,,,,,,
,,,,,,
,,,,,,
,,,,,,
,,,,,,
,,,,,,
,,,,,,
,,,,,,
,,,,,,
,,,,,,
,,,,,,
,,,,,,
,,,,,,
,,,,,,
,,,,,,
,,,,,,
,,,,,,
,,,,,,
,,,,,,
,,,,,,
,,,,,,
,,,,,,
,,,,,,
,,,,,,
,,,,,,
,,,,,,
,,,,,,
,,,,,,
,,,,,,
,,,,,,
,,,,,,
,,,,,,
,,,,,,
,,,,,,
,,,,,,
,,,,,,
,,,,,,
,,,,,,
,,,,,,
,,,,,,
,,,,,,
,,,,,,
,,,,,,
,,,,,,
,,,,,,
,,,,,,
,,,,,,
,,,,,,
,,,,,,
,,,,,,
,,,,,,
,,,,,,
,,,,,,
,,,,,,
,,,,,,
,,,,,,
,,,,,,
,,,,,,
,,,,,,
,,,,,,
,,,,,,
,,,,,,
,,,,,,
,,,,,,
,,,,,,
,,,,,,
,,,,,,
,,,,,,
,,,,,,
,,,,,,
,,,,,,
,,,,,,
,,,,,,
,,,,,,
,,,,,,
,,,,,,
,,,,,,
,,,,,,
,,,,,,
,,,,,,
,,,,,,
,,,,,,
,,,,,,
,,,,,,
,,,,,,
,,,,,,
,,,,,,
,,,,,,
,,,,,,
,,,,,,
,,,,,,
,,,,,,
,,,,,,
,,,,,,
,,,,,,
,,,,,,
,,,,,,
,,,,,,
,,,,,,
,,,,,,
,,,,,,
,,,,,,
,,,,,,
,,,,,,
,,,,,,
,,,,,,
,,,,,,
,,,,,,
,,,,,,
,,,,,,
,,,,,,
,,,,,,
,,,,,,
,,,,,,
,,,,,,
,,,,,,
,,,,,,
,,,,,,
,,,,,,
,,,,,,
,,,,,,
,,,,,,
,,,,,,
,,,,,,
,,,,,,
,,,,,,
,,,,,,
,,,,,,
,,,,,,
,,,,,,
,,,,,,
,,,,,,
,,,,,,
,,,,,,
,,,,,,
,,,,,,
,,,,,,
,,,,,,
,,,,,,
,,,,,,
,,,,,,
,,,,,,
,,,,,,
,,,,,,
,,,,,,
,,,,,,
,,,,,,
,,,,,,
,,,,,,
,,,,,,
,,,,,,
,,,,,,
,,,,,,
,,,,,,
,,,,,,
,,,,,,
,,,,,,
,,,,,,
,,,,,,
,,,,,,
,,,,,,
,,,,,,
,,,,,,
,,,,,,
,,,,,,
,,,,,,
,,,,,,
,,,,,,
,,,,,,
,,,,,,
,,,,,,
,,,,,,
,,,,,,
,,,,,,
,,,,,,
,,,,,,
,,,,,,
,,,,,,
,,,,,,
,,,,,,
,,,,,,
,,,,,,
,,,,,,
,,,,,,
,,,,,,
,,,,,,
,,,,,,
,,,,,,
,,,,,,
,,,,,,
,,,,,,
,,,,,,
,,,,,,
,,,,,,
,,,,,,
,,,,,,
,,,,,,
,,,,,,
,,,,,,
,,,,,,
,,,,,,
,,,,,,
,,,,,,
,,,,,,
,,,,,,
,,,,,,
,,,,,,
,,,,,,
,,,,,,
,,,,,,
,,,,,,
,,,,,,
,,,,,,
,,,,,,
,,,,,,
,,,,,,
,,,,,,
,,,,,,
,,,,,,
,,,,,,
,,,,,,
,,,,,,
,,,,,,
,,,,,,
,,,,,,
,,,,,,
,,,,,,
,,,,,,
,,,,,,
,,,,,,
,,,,,,
,,,,,,
,,,,,,
,,,,,,
,,,,,,
,,,,,,
,,,,,,
,,,,,,
,,,,,,
,,,,,,
,,,,,,
,,,,,,
,,,,,,
,,,,,,
,,,,,,
,,,,,,
,,,,,,
,,,,,,
,,,,,,
,,,,,,
,,,,,,
,,,,,,
,,,,,,
,,,,,,
,,,,,,
,,,,,,
,,,,,,
,,,,,,
,,,,,,
,,,,,,
,,,,,,
,,,,,,
,,,,,,
,,,,,,
,,,,,,
,,,,,,
,,,,,,
,,,,,,
,,,,,,
,,,,,,
,,,,,,
,,,,,,
,,,,,,
,,,,,,
,,,,,,
,,,,,,
,,,,,,
,,,,,,
,,,,,,
,,,,,,
,,,,,,
,,,,,,
,,,,,,
,,,,,,
,,,,,,
,,,,,,
,,,,,,
,,,,,,
,,,,,,
,,,,,,
,,,,,,
,,,,,,
,,,,,,
,,,,,,
,,,,,,
,,,,,,
,,,,,,
,,,,,,
,,,,,,
,,,,,,
,,,,,,
,,,,,,
,,,,,,
,,,,,,
,,,,,,
,,,,,,
,,,,,,
,,,,,,
,,,,,,
,,,,,,
,,,,,,
,,,,,,
,,,,,,
,,,,,,
,,,,,,
,,,,,,
,,,,,,
,,,,,,
,,,,,,
,,,,,,
,,,,,,
,,,,,,
,,,,,,
,,,,,,
,,,,,,
,,,,,,
,,,,,,
,,,,,,
,,,,,,
,,,,,,
,,,,,,
,,,,,,
,,,,,,
,,,,,,
,,,,,,
,,,,,,
,,,,,,
,,,,,,
,,,,,,
,,,,,,
,,,,,,
,,,,,,
,,,,,,
,,,,,,
,,,,,,
,,,,,,
,,,,,,
,,,,,,
,,,,,,
,,,,,,
,,,,,,
,,,,,,
,,,,,,
,,,,,,
,,,,,,
,,,,,,
,,,,,,
,,,,,,
,,,,,,
,,,,,,
,,,,,,
,,,,,,
,,,,,,
,,,,,,
,,,,,,
,,,,,,
,,,,,,
,,,,,,
,,,,,,
,,,,,,
,,,,,,
,,,,,,
,,,,,,
,,,,,,
,,,,,,
,,,,,,
,,,,,,
,,,,,,
,,,,,,
,,,,,,
,,,,,,
,,,,,,
,,,,,,
,,,,,,
,,,,,,
,,,,,,
,,,,,,
,,,,,,
,,,,,,
,,,,,,
,,,,,,
,,,,,,
,,,,,,
,,,,,,
,,,,,,
,,,,,,
,,,,,,
,,,,,,
,,,,,,
,,,,,,
,,,,,,
,,,,,,
,,,,,,
,,,,,,
,,,,,,
,,,,,,
,,,,,,
,,,,,,
,,,,,,
,,,,,,
,,,,,,
,,,,,,
,,,,,,
,,,,,,
,,,,,,
,,,,,,
,,,,,,
,,,,,,
,,,,,,
,,,,,,
,,,,,,
,,,,,,
,,,,,,
,,,,,,
,,,,,,
,,,,,,
,,,,,,
,,,,,,
,,,,,,
,,,,,,
,,,,,,
,,,,,,
,,,,,,
,,,,,,
,,,,,,
,,,,,,
,,,,,,
,,,,,,
,,,,,,
,,,,,,
,,,,,,
,,,,,,
,,,,,,
,,,,,,
,,,,,,
,,,,,,
,,,,,,
,,,,,,
,,,,,,
,,,,,,
,,,,,,
,,,,,,
,,,,,,
,,,,,,
,,,,,,
,,,,,,
,,,,,,
,,,,,,
,,,,,,
,,,,,,
,,,,,,
,,,,,,
,,,,,,
,,,,,,
,,,,,,
,,,,,,
,,,,,,
,,,,,,
,,,,,,
,,,,,,
,,,,,,
,,,,,,
,,,,,,
,,,,,,
,,,,,,
,,,,,,
,,,,,,
,,,,,,
,,,,,,
,,,,,,
,,,,,,
,,,,,,
,,,,,,
,,,,,,
,,,,,,
,,,,,,
,,,,,,
,,,,,,
,,,,,,
,,,,,,
,,,,,,
,,,,,,
,,,,,,
,,,,,,
,,,,,,
,,,,,,
,,,,,,
,,,,,,
,,,,,,
,,,,,,
,,,,,,
,,,,,,
,,,,,,
,,,,,,
,,,,,,
,,,,,,
,,,,,,
,,,,,,
,,,,,,
,,,,,,
,,,,,,
,,,,,,
,,,,,,
,,,,,,
,,,,,,
,,,,,,
,,,,,,
,,,,,,
,,,,,,
,,,,,,
,,,,,,
,,,,,,
,,,,,,
,,,,,,
,,,,,,
,,,,,,
,,,,,,
,,,,,,
,,,,,,
,,,,,,
,,,,,,
,,,,,,
,,,,,,
,,,,,,
,,,,,,
,,,,,,
,,,,,,
,,,,,,
,,,,,,
,,,,,,
,,,,,,
,,,,,,
,,,,,,
,,,,,,
,,,,,,
,,,,,,
,,,,,,
,,,,,,
,,,,,,
,,,,,,
,,,,,,
,,,,,,
,,,,,,
,,,,,,
,,,,,,
,,,,,,
,,,,,,
,,,,,,
,,,,,,
,,,,,,
,,,,,,
,,,,,,
,,,,,,
,,,,,,
,,,,,,
,,,,,,
,,,,,,
,,,,,,
,,,,,,
,,,,,,
,,,,,,
,,,,,,
,,,,,,
,,,,,,
,,,,,,
,,,,,,
,,,,,,
,,,,,,
,,,,,,
,,,,,,
,,,,,,
,,,,,,
,,,,,,
,,,,,,
,,,,,,
,,,,,,
,,,,,,
,,,,,,
,,,,,,
,,,,,,
,,,,,,
,,,,,,
,,,,,,
,,,,,,
,,,,,,
,,,,,,
,,,,,,
,,,,,,
,,,,,,
,,,,,,
,,,,,,
,,,,,,
,,,,,,
,,,,,,
,,,,,,
,,,,,,
,,,,,,
,,,,,,
,,,,,,
,,,,,,
,,,,,,
,,,,,,
,,,,,,
,,,,,,
,,,,,,
,,,,,,
,,,,,,
,,,,,,
,,,,,,
,,,,,,
,,,,,,
,,,,,,
,,,,,,
,,,,,,
,,,,,,
,,,,,,
,,,,,,
,,,,,,
,,,,,,
,,,,,,
,,,,,,
,,,,,,
,,,,,,
,,,,,,
,,,,,,
,,,,,,
,,,,,,
,,,,,,
,,,,,,
,,,,,,
,,,,,,
,,,,,,
,,,,,,
,,,,,,
,,,,,,
,,,,,,
,,,,,,
,,,,,,
,,,,,,
,,,,,,
,,,,,,
,,,,,,
,,,,,,
,,,,,,
,,,,,,
,,,,,,
,,,,,,
,,,,,,
,,,,,,
,,,,,,
,,,,,,
,,,,,,
,,,,,,
,,,,,,
,,,,,,
,,,,,,
,,,,,,
,,,,,,
,,,,,,
,,,,,,
,,,,,,
,,,,,,
,,,,,,
,,,,,,
,,,,,,
,,,,,,
,,,,,,
,,,,,,
,,,,,,
,,,,,,
,,,,,,
,,,,,,
,,,,,,
,,,,,,
,,,,,,
,,,,,,
,,,,,,
,,,,,,
,,,,,,
,,,,,,
,,,,,,
,,,,,,
,,,,,,
,,,,,,
,,,,,,
,,,,,,
,,,,,,
,,,,,,
,,,,,,
,,,,,,
,,,,,,
,,,,,,
,,,,,,
,,,,,,
,,,,,,
,,,,,,
,,,,,,
,,,,,,
,,,,,,
,,,,,,
,,,,,,
,,,,,,
,,,,,,
,,,,,,
,,,,,,
,,,,,,
,,,,,,
,,,,,,
,,,,,,
,,,,,,
,,,,,,
,,,,,,
,,,,,,
,,,,,,
,,,,,,
,,,,,,
,,,,,,
,,,,,,
,,,,,,
,,,,,,
,,,,,,
,,,,,,
,,,,,,
,,,,,,
,,,,,,
,,,,,,
,,,,,,
,,,,,,
,,,,,,
,,,,,,
,,,,,,
,,,,,,
,,,,,,
,,,,,,
,,,,,,
,,,,,,
,,,,,,
,,,,,,
,,,,,,
,,,,,,
,,,,,,
,,,,,,
,,,,,,
,,,,,,
,,,,,,
,,,,,,
,,,,,,
,,,,,,
,,,,,,
,,,,,,
,,,,,,
,,,,,,
,,,,,,
,,,,,,
,,,,,,
,,,,,,
,,,,,,
,,,,,,
,,,,,,
,,,,,,
,,,,,,
,,,,,,
,,,,,,
,,,,,,
,,,,,,
,,,,,,
,,,,,,
,,,,,,
,,,,,,
,,,,,,
,,,,,,
,,,,,,
,,,,,,
,,,,,,
,,,,,,
,,,,,,
,,,,,,
,,,,,,
,,,,,,
,,,,,,
,,,,,,
,,,,,,
,,,,,,
,,,,,,
,,,,,,
,,,,,,
,,,,,,
,,,,,,
,,,,,,
,,,,,,
,,,,,,
,,,,,,
,,,,,,
,,,,,,
,,,,,,
,,,,,,
,,,,,,
,,,,,,
,,,,,,
,,,,,,
,,,,,,
,,,,,,
,,,,,,
,,,,,,
,,,,,,
,,,,,,
,,,,,,
,,,,,,
,,,,,,
,,,,,,
,,,,,,
,,,,,,
,,,,,,
,,,,,,
,,,,,,
,,,,,,
,,,,,,
,,,,,,
,,,,,,
,,,,,,
,,,,,,
,,,,,,
,,,,,,
,,,,,,
,,,,,,
,,,,,,
,,,,,,
,,,,,,
,,,,,,
,,,,,,
,,,,,,
,,,,,,
,,,,,,
,,,,,,
,,,,,,
,,,,,,
,,,,,,
,,,,,,
,,,,,,
,,,,,,
,,,,,,
,,,,,,
,,,,,,
,,,,,,
,,,,,,
,,,,,,
,,,,,,
,,,,,,
,,,,,,
,,,,,,
,,,,,,
,,,,,,
,,,,,,
,,,,,,
,,,,,,
,,,,,,
,,,,,,
,,,,,,
,,,,,,
,,,,,,
,,,,,,
,,,,,,
,,,,,,
,,,,,,
,,,,,,
,,,,,,
,,,,,,
,,,,,,
,,,,,,
,,,,,,
,,,,,,
,,,,,,
,,,,,,
,,,,,,
,,,,,,
,,,,,,
,,,,,,
,,,,,,
,,,,,,
,,,,,,
,,,,,,
,,,,,,
,,,,,,
,,,,,,
,,,,,,
,,,,,,
,,,,,,
,,,,,,
,,,,,,
,,,,,,
,,,,,,
,,,,,,
,,,,,,
,,,,,,
,,,,,,
,,,,,,
,,,,,,
,,,,,,
,,,,,,
,,,,,,
,,,,,,
,,,,,,
,,,,,,
,,,,,,
,,,,,,
,,,,,,
,,,,,,
,,,,,,
,,,,,,
,,,,,,
,,,,,,
,,,,,,
,,,,,,
,,,,,,
,,,,,,
,,,,,,
,,,,,,
,,,,,,
,,,,,,
,,,,,,
,,,,,,
,,,,,,
,,,,,,
,,,,,,
,,,,,,
,,,,,,
,,,,,,
,,,,,,
,,,,,,
,,,,,,
,,,,,,
,,,,,,
,,,,,,
,,,,,,
,,,,,,
,,,,,,
,,,,,,
,,,,,,
,,,,,,
,,,,,,
,,,,,,
,,,,,,
,,,,,,
,,,,,,
,,,,,,
,,,,,,
,,,,,,
,,,,,,
,,,,,,
,,,,,,
,,,,,,
,,,,,,
,,,,,,
,,,,,,
,,,,,,
,,,,,,
,,,,,,
,,,,,,
,,,,,,
,,,,,,
,,,,,,
,,,,,,
,,,,,,
,,,,,,
,,,,,,
,,,,,,
,,,,,,
,,,,,,
,,,,,,
,,,,,,
,,,,,,
,,,,,,
,,,,,,
,,,,,,
,,,,,,
,,,,,,
,,,,,,
,,,,,,
,,,,,,
,,,,,,
,,,,,,
,,,,,,
,,,,,,
,,,,,,
,,,,,,
,,,,,,
,,,,,,
,,,,,,
,,,,,,
,,,,,,
,,,,,,
,,,,,,
,,,,,,
,,,,,,
,,,,,,
,,,,,,
,,,,,,
,,,,,,
,,,,,,
,,,,,,
,,,,,,
,,,,,,
,,,,,,
,,,,,,
,,,,,,
,,,,,,
,,,,,,
,,,,,,
,,,,,,
,,,,,,
,,,,,,
,,,,,,
,,,,,,
,,,,,,
,,,,,,
,,,,,,
,,,,,,
,,,,,,
,,,,,,
,,,,,,
,,,,,,
,,,,,,
,,,,,,
,,,,,,
,,,,,,
,,,,,,
,,,,,,
,,,,,,
,,,,,,
,,,,,,
,,,,,,
,,,,,,
,,,,,,
,,,,,,
,,,,,,
,,,,,,
,,,,,,
,,,,,,
,,,,,,
,,,,,,
,,,,,,
,,,,,,
,,,,,,
,,,,,,
,,,,,,
,,,,,,
,,,,,,
,,,,,,
,,,,,,
,,,,,,
,,,,,,
,,,,,,
,,,,,,
,,,,,,
,,,,,,
,,,,,,
,,,,,,
,,,,,,
,,,,,,
,,,,,,
,,,,,,
,,,,,,
,,,,,,
,,,,,,
,,,,,,
,,,,,,
,,,,,,
,,,,,,
,,,,,,
,,,,,,
,,,,,,
,,,,,,
,,,,,,
,,,,,,
,,,,,,
,,,,,,
,,,,,,
,,,,,,
,,,,,,
,,,,,,
,,,,,,
,,,,,,
,,,,,,
,,,,,,
,,,,,,
,,,,,,
,,,,,,
,,,,,,
,,,,,,
,,,,,,
,,,,,,
,,,,,,
,,,,,,
,,,,,,
,,,,,,
,,,,,,
,,,,,,
,,,,,,
,,,,,,
,,,,,,
,,,,,,
,,,,,,
,,,,,,
,,,,,,
,,,,,,
,,,,,,
,,,,,,
,,,,,,
,,,,,,
,,,,,,
,,,,,,
,,,,,,
,,,,,,
,,,,,,
,,,,,,
,,,,,,
,,,,,,
,,,,,,
,,,,,,
,,,,,,
,,,,,,
,,,,,,
,,,,,,
,,,,,,
,,,,,,
,,,,,,
,,,,,,
,,,,,,
,,,,,,
,,,,,,
,,,,,,
,,,,,,
,,,,,,
,,,,,,
,,,,,,
,,,,,,
,,,,,,
,,,,,,
,,,,,,
,,,,,,
,,,,,,
,,,,,,
,,,,,,
,,,,,,
,,,,,,
,,,,,,
,,,,,,
,,,,,,
,,,,,,
,,,,,,
,,,,,,
,,,,,,
,,,,,,
,,,,,,
,,,,,,
,,,,,,
,,,,,,
,,,,,,
,,,,,,
,,,,,,
,,,,,,
,,,,,,
,,,,,,
,,,,,,
,,,,,,
,,,,,,
,,,,,,
,,,,,,
,,,,,,
,,,,,,
,,,,,,
,,,,,,
,,,,,,
,,,,,,
,,,,,,
,,,,,,
,,,,,,
,,,,,,
,,,,,,
,,,,,,
,,,,,,
,,,,,,
,,,,,,
,,,,,,
,,,,,,
,,,,,,
,,,,,,
,,,,,,
,,,,,,
,,,,,,
,,,,,,
,,,,,,
,,,,,,
,,,,,,
,,,,,,
,,,,,,
,,,,,,
,,,,,,
,,,,,,
,,,,,,
,,,,,,
,,,,,,
,,,,,,
,,,,,,
,,,,,,
,,,,,,
,,,,,,
,,,,,,
,,,,,,
,,,,,,
,,,,,,
,,,,,,
,,,,,,
,,,,,,
,,,,,,
,,,,,,
,,,,,,
,,,,,,
,,,,,,
,,,,,,
,,,,,,
,,,,,,
,,,,,,
,,,,,,
,,,,,,
,,,,,,
,,,,,,
,,,,,,
,,,,,,
,,,,,,
,,,,,,
,,,,,,
,,,,,,
,,,,,,
,,,,,,
,,,,,,
,,,,,,
,,,,,,
,,,,,,
,,,,,,
,,,,,,
,,,,,,
,,,,,,
,,,,,,
,,,,,,
,,,,,,
,,,,,,
,,,,,,
,,,,,,
,,,,,,
,,,,,,
,,,,,,
,,,,,,
,,,,,,
,,,,,,
,,,,,,
,,,,,,
,,,,,,
,,,,,,
,,,,,,
,,,,,,
,,,,,,
,,,,,,
,,,,,,
,,,,,,
,,,,,,
,,,,,,
,,,,,,
,,,,,,
,,,,,,
,,,,,,
,,,,,,
,,,,,,
,,,,,,
,,,,,,
,,,,,,
,,,,,,
,,,,,,
,,,,,,
,,,,,,
,,,,,,
,,,,,,
,,,,,,
,,,,,,
,,,,,,
,,,,,,
,,,,,,
,,,,,,
,,,,,,
,,,,,,
,,,,,,
,,,,,,
,,,,,,
,,,,,,
,,,,,,
,,,,,,
,,,,,,
,,,,,,
,,,,,,
,,,,,,
,,,,,,
,,,,,,
,,,,,,
,,,,,,
,,,,,,
,,,,,,
,,,,,,
,,,,,,
,,,,,,
,,,,,,
,,,,,,
,,,,,,
,,,,,,
,,,,,,
,,,,,,
,,,,,,
,,,,,,
,,,,,,
,,,,,,
,,,,,,
,,,,,,
,,,,,,
,,,,,,
,,,,,,
,,,,,,
,,,,,,
,,,,,,
,,,,,,
,,,,,,
,,,,,,
,,,,,,
,,,,,,
,,,,,,
,,,,,,
,,,,,,
,,,,,,
,,,,,,
,,,,,,
,,,,,,
,,,,,,
,,,,,,
,,,,,,
,,,,,,
,,,,,,
,,,,,,
,,,,,,
,,,,,,
,,,,,,
,,,,,,
,,,,,,
,,,,,,
,,,,,,
,,,,,,
,,,,,,
,,,,,,
,,,,,,
,,,,,,
,,,,,,
,,,,,,
,,,,,,
,,,,,,
,,,,,,
,,,,,,
,,,,,,
,,,,,,
,,,,,,
,,,,,,
,,,,,,
,,,,,,
,,,,,,
,,,,,,
,,,,,,
,,,,,,
,,,,,,
,,,,,,
,,,,,,
,,,,,,
,,,,,,
,,,,,,
,,,,,,
,,,,,,
,,,,,,
,,,,,,
,,,,,,
,,,,,,
,,,,,,
,,,,,,
,,,,,,
,,,,,,
,,,,,,
,,,,,,
,,,,,,
,,,,,,
,,,,,,
,,,,,,
,,,,,,
,,,,,,
,,,,,,
,,,,,,
,,,,,,
,,,,,,
,,,,,,
,,,,,,
,,,,,,
,,,,,,
,,,,,,
,,,,,,
,,,,,,
,,,,,,
,,,,,,
,,,,,,
,,,,,,
,,,,,,
,,,,,,
,,,,,,
,,,,,,
,,,,,,
,,,,,,
,,,,,,
,,,,,,
,,,,,,
,,,,,,
,,,,,,
,,,,,,
,,,,,,
,,,,,,
,,,,,,
,,,,,,
,,,,,,
,,,,,,
,,,,,,
,,,,,,
,,,,,,
,,,,,,
,,,,,,
,,,,,,
,,,,,,
,,,,,,
,,,,,,
,,,,,,
,,,,,,
,,,,,,
,,,,,,
,,,,,,
,,,,,,
,,,,,,
,,,,,,
,,,,,,
,,,,,,
,,,,,,
,,,,,,
,,,,,,
,,,,,,
,,,,,,
,,,,,,
,,,,,,
,,,,,,
,,,,,,
,,,,,,
,,,,,,
,,,,,,
,,,,,,
,,,,,,
,,,,,,
,,,,,,
,,,,,,
,,,,,,
,,,,,,
,,,,,,
,,,,,,
,,,,,,
,,,,,,
,,,,,,
,,,,,,
,,,,,,
,,,,,,
,,,,,,
,,,,,,
,,,,,,
,,,,,,
,,,,,,
,,,,,,
,,,,,,
,,,,,,
,,,,,,
,,,,,,
,,,,,,
,,,,,,
,,,,,,
,,,,,,
,,,,,,
,,,,,,
,,,,,,
,,,,,,
,,,,,,
,,,,,,
,,,,,,
,,,,,,
,,,,,,
,,,,,,
,,,,,,
,,,,,,
,,,,,,
,,,,,,
,,,,,,
,,,,,,
,,,,,,
,,,,,,
,,,,,,
,,,,,,
,,,,,,
,,,,,,
,,,,,,
,,,,,,
,,,,,,
,,,,,,
,,,,,,
,,,,,,
,,,,,,
,,,,,,
,,,,,,
,,,,,,
,,,,,,
,,,,,,
,,,,,,
,,,,,,
,,,,,,
,,,,,,
,,,,,,
,,,,,,
,,,,,,
,,,,,,
,,,,,,
,,,,,,
,,,,,,
,,,,,,
,,,,,,
,,,,,,
,,,,,,
,,,,,,
,,,,,,
,,,,,,
,,,,,,
,,,,,,
,,,,,,
,,,,,,
,,,,,,
,,,,,,
,,,,,,
,,,,,,
,,,,,,
,,,,,,
,,,,,,
,,,,,,
,,,,,,
,,,,,,
,,,,,,
,,,,,,
,,,,,,
,,,,,,
,,,,,,
,,,,,,
,,,,,,
,,,,,,
,,,,,,
,,,,,,
,,,,,,
,,,,,,
,,,,,,
,,,,,,
,,,,,,
,,,,,,
,,,,,,
,,,,,,
,,,,,,
,,,,,,
,,,,,,
,,,,,,
,,,,,,
,,,,,,
,,,,,,
,,,,,,
,,,,,,
,,,,,,
,,,,,,
,,,,,,
,,,,,,
,,,,,,
,,,,,,
,,,,,,
,,,,,,
,,,,,,
,,,,,,
,,,,,,
,,,,,,
,,,,,,
,,,,,,
,,,,,,
,,,,,,
,,,,,,
,,,,,,
,,,,,,
,,,,,,
,,,,,,
,,,,,,
,,,,,,
,,,,,,
,,,,,,
,,,,,,
,,,,,,
,,,,,,
,,,,,,
,,,,,,
,,,,,,
,,,,,,
,,,,,,
,,,,,,
,,,,,,
,,,,,,
,,,,,,
,,,,,,
,,,,,,
,,,,,,
,,,,,,
,,,,,,
,,,,,,
,,,,,,
,,,,,,
,,,,,,
,,,,,,
,,,,,,
,,,,,,
,,,,,,
,,,,,,
,,,,,,
,,,,,,
,,,,,,
,,,,,,
,,,,,,
,,,,,,
,,,,,,
,,,,,,
,,,,,,
,,,,,,
,,,,,,
,,,,,,
,,,,,,
,,,,,,
,,,,,,
,,,,,,
,,,,,,
,,,,,,
,,,,,,
,,,,,,
,,,,,,
,,,,,,
,,,,,,
,,,,,,
,,,,,,
,,,,,,
,,,,,,
,,,,,,
,,,,,,
,,,,,,
,,,,,,
,,,,,,
,,,,,,
,,,,,,
,,,,,,
,,,,,,
,,,,,,
,,,,,,
,,,,,,
,,,,,,
,,,,,,
,,,,,,
,,,,,,
,,,,,,
,,,,,,
,,,,,,
,,,,,,
,,,,,,
,,,,,,
,,,,,,
,,,,,,
,,,,,,
,,,,,,
,,,,,,
,,,,,,
,,,,,,
,,,,,,
,,,,,,
,,,,,,
,,,,,,
,,,,,,
,,,,,,
,,,,,,
,,,,,,
,,,,,,
,,,,,,
,,,,,,
,,,,,,
,,,,,,
,,,,,,
,,,,,,
,,,,,,
,,,,,,
,,,,,,
,,,,,,
,,,,,,
,,,,,,
,,,,,,
,,,,,,
,,,,,,
,,,,,,
,,,,,,
,,,,,,
,,,,,,
,,,,,,
,,,,,,
,,,,,,
,,,,,,
,,,,,,
,,,,,,
,,,,,,
,,,,,,
,,,,,,
,,,,,,
,,,,,,
,,,,,,
,,,,,,
,,,,,,
,,,,,,
,,,,,,
,,,,,,
,,,,,,
,,,,,,
,,,,,,
,,,,,,
,,,,,,
,,,,,,
,,,,,,
,,,,,,
,,,,,,
,,,,,,
,,,,,,
,,,,,,
,,,,,,
,,,,,,
,,,,,,
,,,,,,
,,,,,,
,,,,,,
,,,,,,
,,,,,,
,,,,,,
,,,,,,
,,,,,,
,,,,,,
,,,,,,
,,,,,,
,,,,,,
,,,,,,
,,,,,,
,,,,,,
,,,,,,
,,,,,,
,,,,,,
,,,,,,
,,,,,,
,,,,,,
,,,,,,
,,,,,,
,,,,,,
,,,,,,
,,,,,,
,,,,,,
,,,,,,
,,,,,,
,,,,,,
,,,,,,
,,,,,,
,,,,,,
,,,,,,
,,,,,,
,,,,,,
,,,,,,
,,,,,,
,,,,,,
,,,,,,
,,,,,,
,,,,,,
,,,,,,
,,,,,,
,,,,,,
,,,,,,
,,,,,,
,,,,,,
,,,,,,
,,,,,,
,,,,,,
,,,,,,
,,,,,,
,,,,,,
,,,,,,
,,,,,,
,,,,,,
,,,,,,
,,,,,,
,,,,,,
,,,,,,
,,,,,,
,,,,,,
,,,,,,
,,,,,,
,,,,,,
,,,,,,
,,,,,,
,,,,,,
,,,,,,
,,,,,,
,,,,,,
,,,,,,
,,,,,,
,,,,,,
,,,,,,
,,,,,,
,,,,,,
,,,,,,
,,,,,,
,,,,,,
,,,,,,
,,,,,,
,,,,,,
,,,,,,
,,,,,,
,,,,,,
,,,,,,
,,,,,,
,,,,,,
,,,,,,
,,,,,,
,,,,,,
,,,,,,
,,,,,,
,,,,,,
,,,,,,
,,,,,,
,,,,,,
,,,,,,
,,,,,,
,,,,,,
,,,,,,
,,,,,,
,,,,,,
,,,,,,
,,,,,,
,,,,,,
,,,,,,
,,,,,,
,,,,,,
,,,,,,
,,,,,,
,,,,,,
,,,,,,
,,,,,,
,,,,,,
,,,,,,
,,,,,,
,,,,,,
,,,,,,
,,,,,,
,,,,,,
,,,,,,
,,,,,,
,,,,,,
,,,,,,
,,,,,,
,,,,,,
,,,,,,
,,,,,,
,,,,,,
,,,,,,
,,,,,,
,,,,,,
,,,,,,
,,,,,,
,,,,,,
,,,,,,
,,,,,,
,,,,,,
,,,,,,
,,,,,,
,,,,,,
,,,,,,
,,,,,,
,,,,,,
,,,,,,
,,,,,,
,,,,,,
,,,,,,
,,,,,,
,,,,,,
,,,,,,
,,,,,,
,,,,,,
,,,,,,
,,,,,,
,,,,,,
,,,,,,
,,,,,,
,,,,,,
,,,,,,
,,,,,,
,,,,,,
,,,,,,
,,,,,,
,,,,,,
,,,,,,
,,,,,,
,,,,,,
,,,,,,
,,,,,,
,,,,,,
,,,,,,
,,,,,,
,,,,,,
,,,,,,
,,,,,,
,,,,,,
,,,,,,
,,,,,,
,,,,,,
,,,,,,
,,,,,,
,,,,,,
,,,,,,
,,,,,,
,,,,,,
,,,,,,
,,,,,,
,,,,,,
,,,,,,
,,,,,,
,,,,,,
,,,,,,
,,,,,,
,,,,,,
,,,,,,
,,,,,,
,,,,,,
,,,,,,
,,,,,,
,,,,,,
,,,,,,
,,,,,,
,,,,,,
,,,,,,
,,,,,,
,,,,,,
,,,,,,
,,,,,,
,,,,,,
,,,,,,
,,,,,,
,,,,,,
,,,,,,
,,,,,,
,,,,,,
,,,,,,
,,,,,,
,,,,,,
,,,,,,
,,,,,,
,,,,,,
,,,,,,
,,,,,,
,,,,,,
,,,,,,
,,,,,,
,,,,,,
,,,,,,
,,,,,,
,,,,,,
,,,,,,
,,,,,,
,,,,,,
,,,,,,
,,,,,,
,,,,,,
,,,,,,
,,,,,,
,,,,,,
,,,,,,
,,,,,,
,,,,,,
,,,,,,
,,,,,,
,,,,,,
,,,,,,
,,,,,,
,,,,,,
,,,,,,
,,,,,,
,,,,,,
,,,,,,
,,,,,,
,,,,,,
,,,,,,
,,,,,,
,,,,,,
,,,,,,
,,,,,,
,,,,,,
,,,,,,
,,,,,,
,,,,,,
,,,,,,
,,,,,,
,,,,,,
,,,,,,
,,,,,,
,,,,,,
,,,,,,
,,,,,,
,,,,,,
,,,,,,
,,,,,,
,,,,,,
,,,,,,
,,,,,,
,,,,,,
,,,,,,
,,,,,,
,,,,,,
,,,,,,
,,,,,,
,,,,,,
,,,,,,
,,,,,,
,,,,,,
,,,,,,
,,,,,,
,,,,,,
,,,,,,
,,,,,,
